{
"type": "FeatureCollection",
"name": "sverdrup_roads",
"crs": { "type": "name", "properties": { "name": "urn:ogc:def:crs:OGC:1.3:CRS84" } },
"features": [
{"type":"Feature","properties":{"OBJECTID":8023,"STREETNAME":"250TH ST"},"geometry":{"type":"MultiLineString","coordinates":[[[-96.724417694629352,43.761186908217006],[-96.711312120145379,43.761160386732193]]]}},
{"type":"Feature","properties":{"OBJECTID":8024,"STREETNAME":"LOVELY AVE"},"geometry":{"type":"MultiLineString","coordinates":[[[-96.73770697904888,43.761185300862827],[-96.737612301822963,43.761184743148384],[-96.737517616942327,43.761184349949282],[-96.737422882844925,43.761184285187895],[-96.737328135075018,43.761184576615904],[-96.737223919888095,43.761184899278987]]]}},
{"type":"Feature","properties":{"OBJECTID":8030,"STREETNAME":"478TH AVE"},"geometry":{"type":"MultiLineString","coordinates":[[[-96.651073955414688,43.73227812550919],[-96.651117505158339,43.717734218801326]]]}},
{"type":"Feature","properties":{"OBJECTID":8269,"STREETNAME":"DITCH RD"},"geometry":{"type":"MultiLineString","coordinates":[[[-96.729058752582446,43.674237431374692],[-96.729060186243515,43.670171949301846]]]}},
{"type":"Feature","properties":{"OBJECTID":8273,"STREETNAME":"1ST ST"},"geometry":{"type":"MultiLineString","coordinates":[[[-96.74054437767532,43.761179884983328],[-96.740576302482353,43.761104076932028],[-96.740611380097775,43.761040306893747],[-96.740647354034337,43.760976884062231],[-96.740685197897847,43.760914074459009],[-96.74072584743331,43.76085217128152],[-96.740768335605324,43.760790688740052],[-96.740808045331832,43.760728602024358],[-96.740845000935423,43.760665226642175],[-96.740879094863814,43.760601437063094],[-96.74091140043619,43.760536871982119],[-96.740941789450162,43.760471911574086],[-96.740969398517564,43.760406374899709],[-96.740996031451445,43.760340599195949],[-96.741021769387046,43.760274476296033],[-96.741069710989976,43.760153604962781]]]}},
{"type":"Feature","properties":{"OBJECTID":8274,"STREETNAME":"1ST ST"},"geometry":{"type":"MultiLineString","coordinates":[[[-96.741069710989976,43.760153604962781],[-96.741095442526529,43.760087647541312],[-96.741118356965757,43.760021084320769],[-96.741140368977725,43.759954339383398],[-96.741158581530314,43.75988694305547],[-96.741171171886108,43.759819023165086],[-96.741179047798738,43.759750599595101],[-96.74118880759066,43.759682432114801],[-96.741190021079404,43.75961398552495],[-96.741190332187898,43.759545357399958],[-96.741190644375862,43.759476700491433],[-96.741190949273502,43.75940823716347],[-96.741191261620571,43.759339608007039],[-96.741190627946523,43.759270933272212],[-96.741190940080159,43.759202277413657],[-96.741191956804755,43.759105862855719]]]}},
{"type":"Feature","properties":{"OBJECTID":8275,"STREETNAME":"2ND ST"},"geometry":{"type":"MultiLineString","coordinates":[[[-96.73807688440462,43.763047467267995],[-96.738304293670396,43.762349330964064]]]}},
{"type":"Feature","properties":{"OBJECTID":8276,"STREETNAME":"3RD ST"},"geometry":{"type":"MultiLineString","coordinates":[[[-96.736248589456864,43.763983637592936],[-96.736292421520403,43.763868641994435],[-96.736317184112323,43.763802473827411],[-96.73634198869739,43.763736141740935],[-96.73636584855231,43.763669790928191],[-96.736389745644487,43.763603440847625],[-96.736412666736896,43.763536879628703],[-96.736436526668072,43.763470528800482],[-96.736460387354171,43.763404150055521],[-96.736483307072746,43.763337588792993],[-96.736506227948382,43.763271027547994],[-96.736530087416838,43.763204676688019],[-96.736553008184103,43.76313811543001],[-96.736576867542297,43.763071764556571]]]}},
{"type":"Feature","properties":{"OBJECTID":8277,"STREETNAME":"3RD ST"},"geometry":{"type":"MultiLineString","coordinates":[[[-96.736576867542297,43.763071764556571],[-96.736613477361828,43.762966505354782],[-96.736637336577573,43.762900154463956],[-96.736662135398504,43.76283398692896],[-96.736686934404105,43.762767819391478]]]}},
{"type":"Feature","properties":{"OBJECTID":8278,"STREETNAME":"3RD ST"},"geometry":{"type":"MultiLineString","coordinates":[[[-96.736686934404105,43.762767819391478],[-96.736726988206115,43.762652555898406],[-96.736750854380162,43.762586013500531],[-96.736773774639587,43.762519452181117],[-96.736796694878421,43.762452889977766],[-96.736818667956271,43.76238630988275],[-96.736839703592338,43.762319518539563],[-96.73686172205673,43.762252747540686],[-96.736882763801006,43.76218579156361],[-96.736904744870643,43.762119019814101],[-96.736921762226643,43.762064987054806]]]}},
{"type":"Feature","properties":{"OBJECTID":8279,"STREETNAME":"3RD ST"},"geometry":{"type":"MultiLineString","coordinates":[[[-96.736921762226643,43.762064987054806],[-96.736953242688074,43.761973626493912],[-96.736975216357962,43.761907046550753],[-96.736998136079862,43.761840485168001],[-96.737021054570349,43.761773922877289],[-96.737043028331996,43.761707342745026],[-96.737065009302526,43.761640570079109],[-96.737086989168901,43.761573825312269]]]}},
{"type":"Feature","properties":{"OBJECTID":8280,"STREETNAME":"3RD ST"},"geometry":{"type":"MultiLineString","coordinates":[[[-96.737086989168901,43.761573825312269],[-96.7371284882243,43.761450331404689],[-96.737151399144167,43.761383961604942],[-96.737175258362484,43.761317582657931],[-96.737184358557741,43.761292131462248]]]}},
{"type":"Feature","properties":{"OBJECTID":8281,"STREETNAME":"3RD ST"},"geometry":{"type":"MultiLineString","coordinates":[[[-96.73770697904888,43.761185300862827],[-96.737708125801277,43.761071545354795],[-96.737708396293584,43.76100308032445],[-96.737708711490285,43.76093445143318],[-96.73770902891269,43.760865795537519],[-96.737709337895268,43.76079733126732],[-96.737709654099021,43.760728675346137],[-96.737709969246808,43.760660047329239],[-96.737710278217591,43.76059158305673],[-96.737710595620257,43.760522927157176],[-96.737710911808193,43.760454271232845],[-96.737711220767139,43.760385806958013],[-96.737710591115857,43.760317132301424],[-96.737709916946955,43.76024864855593],[-96.737710233121305,43.760179992628522],[-96.737709603463614,43.760111317969738]]]}},
{"type":"Feature","properties":{"OBJECTID":8282,"STREETNAME":"3RD ST"},"geometry":{"type":"MultiLineString","coordinates":[[[-96.737709603463614,43.760111317969738],[-96.737710810985448,43.760011998378936],[-96.737711127146355,43.759943342448864],[-96.737711437289164,43.759874878192242],[-96.73771175344217,43.759806222260657],[-96.737712068572364,43.75973759335583],[-96.737713323280659,43.759669148680864],[-96.737713639420747,43.759600492746912],[-96.737713955748717,43.759531863863714],[-96.737714233621986,43.759463207170505],[-96.737715488342275,43.759394761614807],[-96.737715804663964,43.759326132553738],[-96.737716120776597,43.759257476791348],[-96.737717375447701,43.759189032110704],[-96.737717690539128,43.759120403198828],[-96.737718501111075,43.75908391054088]]]}},
{"type":"Feature","properties":{"OBJECTID":8283,"STREETNAME":"3RD ST"},"geometry":{"type":"MultiLineString","coordinates":[[[-96.736225612066519,43.764050691894539],[-96.736248589456864,43.763983637592936]]]}},
{"type":"Feature","properties":{"OBJECTID":8284,"STREETNAME":"4TH ST"},"geometry":{"type":"MultiLineString","coordinates":[[[-96.736283073809886,43.757038070411703],[-96.736282548308694,43.756967696052541],[-96.736282865944275,43.756899040127621],[-96.736282237558271,43.756830365455819],[-96.736282547958325,43.75676190117953],[-96.736281921020435,43.75669322653502],[-96.736282231413696,43.756624762257225],[-96.736281603260494,43.756556087587214],[-96.736281914659742,43.756487596455784],[-96.736281285482434,43.756418948811877],[-96.736280652324254,43.756350438786257],[-96.736280023920642,43.7562817641085]]]}},
{"type":"Feature","properties":{"OBJECTID":8285,"STREETNAME":"DOUGLAS BLVD"},"geometry":{"type":"MultiLineString","coordinates":[[[-96.733551720501637,43.763254765319935],[-96.733552042803097,43.763186109564998],[-96.733553308741634,43.763117499578804],[-96.733553584047911,43.76304903556148],[-96.733554851428266,43.762980425602464],[-96.733555172500914,43.762911769820334],[-96.733556438417139,43.762843159830872],[-96.733556752241867,43.762774695696741],[-96.733558018113783,43.762706086583137],[-96.733558340379162,43.762637430821876],[-96.733559606273033,43.762568820829109],[-96.733559920079784,43.762500356691866],[-96.733561186171499,43.762431747579747],[-96.733561507208051,43.762363091791286],[-96.733562774290334,43.762294481819261],[-96.733563049576432,43.762226016914951],[-96.733565262714208,43.762157426589226],[-96.733593812861784,43.762092239015558],[-96.733674591277534,43.762055832981893],[-96.733768811957134,43.762048481691892],[-96.73386280668592,43.762045104322461],[-96.733957760919907,43.762041390423732],[-96.734051776350583,43.762037464274691],[-96.734231220670679,43.762030402864738]]]}},
{"type":"Feature","properties":{"OBJECTID":8286,"STREETNAME":"DOUGLAS DR"},"geometry":{"type":"MultiLineString","coordinates":[[[-96.734736918726441,43.762729222073851],[-96.73475890040271,43.762662477807595],[-96.734782762532717,43.762596100490725],[-96.734806623593443,43.762529750019056],[-96.734830484840714,43.762463399545332],[-96.734854345599715,43.762397022008436],[-96.734878251210702,43.762330507657424],[-96.734901166031293,43.76226411047471],[-96.734917501876751,43.76219648617532],[-96.734894035765151,43.762130020120388],[-96.734832735128066,43.762077788672521],[-96.734752506047499,43.762041481822408],[-96.734661767365381,43.762021789693904],[-96.734567082736945,43.762021394049228],[-96.734472237482478,43.762023218150823],[-96.734378299715573,43.762026102739981],[-96.734231220670679,43.762030402864738]]]}},
{"type":"Feature","properties":{"OBJECTID":8287,"STREETNAME":"DOUGLAS DR"},"geometry":{"type":"MultiLineString","coordinates":[[[-96.734231220670679,43.762030402864738],[-96.734227815381985,43.761929044244432],[-96.734226243713465,43.761860350029544],[-96.734224667249123,43.76179182134247],[-96.734222106032277,43.761723245197146],[-96.734221474209164,43.76165473524469],[-96.734218958106254,43.761586023348798],[-96.734218326039553,43.761517513390096],[-96.734217700429156,43.761448838813251],[-96.734217068601041,43.761380328857889],[-96.734216435750596,43.761311845929335],[-96.734214866313437,43.761243124704528],[-96.734214194958469,43.761174641010875]]]}},
{"type":"Feature","properties":{"OBJECTID":8288,"STREETNAME":"MIKES TRL"},"geometry":{"type":"MultiLineString","coordinates":[[[-96.739260522607367,43.761774174875789],[-96.739171655336094,43.761768151227869],[-96.739077309110996,43.761761755095151],[-96.738982963838154,43.761755359957085],[-96.738889563667001,43.761749010495365],[-96.738795224892769,43.761742450409599],[-96.738701058823906,43.761733314290659],[-96.738607959646302,43.761721976203006],[-96.738514880138112,43.761710117144482],[-96.738421799651121,43.761698285038491],[-96.738328847698313,43.761685056118203],[-96.738235999342365,43.761669111926025],[-96.73814739910965,43.761645897761404],[-96.73805890775435,43.761620819211942],[-96.737979708077503,43.761583300646507],[-96.737912463028096,43.761535041567925],[-96.737843307367029,43.761488226622298],[-96.737782008712713,43.761435858916215],[-96.737705787065551,43.761395709636673],[-96.737624536672996,43.761360373223916],[-96.737533726636542,43.761342575483958],[-96.73744082613949,43.761328001672439],[-96.737347857349292,43.761314250511603],[-96.737184358557741,43.761292131462248]]]}},
{"type":"Feature","properties":{"OBJECTID":8289,"STREETNAME":"NIDAROS AVE"},"geometry":{"type":"MultiLineString","coordinates":[[[-96.737718501111075,43.75908391054088],[-96.737624783818745,43.75904282055285],[-96.737530155458856,43.759041056429346],[-96.737435525661539,43.759039292023282],[-96.737340934609279,43.759037528481798],[-96.737246306123836,43.75903573601888],[-96.737151677799176,43.759033971582234],[-96.737057085569219,43.759032207606552],[-96.73696245106089,43.759030607460481],[-96.736867821551641,43.759028842765034],[-96.736773230316373,43.759027078573745],[-96.736678601877131,43.759025285816662],[-96.736583960174443,43.759023877007543],[-96.736489189978826,43.759024853506702],[-96.736301451239797,43.759028213854464]]]}},
{"type":"Feature","properties":{"OBJECTID":8290,"STREETNAME":"NORTH PL"},"geometry":{"type":"MultiLineString","coordinates":[[[-96.738599348443785,43.762145885816444],[-96.73845957535886,43.762112570655404],[-96.738368955484759,43.762091703382652],[-96.738279319750873,43.762069840879768],[-96.738190822723752,43.762044927066121],[-96.738105378780716,43.762016340691382],[-96.738021014955237,43.76198519714417],[-96.737937751890257,43.761952016187969],[-96.737855509035356,43.761917867602875],[-96.737775236010719,43.761881699701739],[-96.73769699960441,43.761843733706179],[-96.737617838108264,43.761805200828505],[-96.737538586545853,43.76176803746926],[-96.737457385467351,43.761732372424319],[-96.737376128337729,43.76169720027233],[-96.737294858106253,43.761662384517393],[-96.73721354447126,43.761627732590377],[-96.737086989168901,43.761573825312269]]]}},
{"type":"Feature","properties":{"OBJECTID":8291,"STREETNAME":"OAK AVE"},"geometry":{"type":"MultiLineString","coordinates":[[[-96.736576867542297,43.763071764556571],[-96.73648503883436,43.763054796574202],[-96.736393254894821,43.763037664659599],[-96.736301426487856,43.763020723583324],[-96.736210544217357,43.763003802060595],[-96.736118715728423,43.762986833787984],[-96.736026927008339,43.762969866229675],[-96.735935104605005,43.762952733008895],[-96.735843276713808,43.7629357915744],[-96.735751486705283,43.762918823769141],[-96.735659658648274,43.762901883061893],[-96.735567838153742,43.762884749759259],[-96.735476993402003,43.762867827518257],[-96.73538516535146,43.7628508586644],[-96.735293344746651,43.76283372601705],[-96.735201518016737,43.762816757041747],[-96.735109733834179,43.762799650962776],[-96.735017913428081,43.762782517219719],[-96.734927043915718,43.762765238389711],[-96.734835274552225,43.762747776020859],[-96.734736918726441,43.762729222073851]]]}},
{"type":"Feature","properties":{"OBJECTID":8292,"STREETNAME":"OAK AVE"},"geometry":{"type":"MultiLineString","coordinates":[[[-96.73807688440462,43.763047467267995],[-96.737986142244281,43.763028820280745],[-96.737894409553064,43.763010318528153],[-96.737803629007843,43.762991670635799],[-96.737712847469695,43.762973050577521],[-96.737621159673211,43.762954384573383],[-96.737530373058917,43.762935902142878],[-96.737439585523916,43.762917445615912],[-96.73734785319489,43.762898943255806],[-96.737257060740689,43.762880652285581],[-96.73716531611349,43.762862479026225],[-96.737074516389541,43.762844351634186],[-96.736982770859441,43.76282620525803],[-96.736891965009107,43.762808243223141],[-96.736800213385933,43.762790261325108],[-96.736686934404105,43.762767819391478]]]}},
{"type":"Feature","properties":{"OBJECTID":8293,"STREETNAME":"RIVERPARK RD"},"geometry":{"type":"MultiLineString","coordinates":[[[-96.741073619518644,43.764735969568761],[-96.741076061417502,43.764790793788677],[-96.74107846481418,43.764845617246735],[-96.741080869666192,43.764900440733086],[-96.741082322173909,43.764955410132785],[-96.741083780686807,43.765010187857513],[-96.741085233195719,43.765065157256302],[-96.741085739795992,43.76512010795026],[-96.741085300049605,43.76517501288297],[-96.741082031020269,43.765229669373312],[-96.741069293878937,43.765284358183465],[-96.741036980974954,43.765333967283809],[-96.740986224347509,43.765374594308327],[-96.740915853638555,43.765395047119867],[-96.740840533058616,43.765403163414526],[-96.740764761304234,43.765403173972331],[-96.740688981091239,43.765403376983848],[-96.740613177041638,43.765403221881144],[-96.740537416448348,43.765402903896018],[-96.740461655815395,43.765402612731904],[-96.740385819749733,43.765403307795509],[-96.740309964033159,43.765404524582308],[-96.740234222048983,43.76540371252765],[-96.740158551618862,43.765402023839819],[-96.740082906806762,43.765399648700942],[-96.740007172063571,43.76539864467],[-96.73993147586296,43.76539764047314],[-96.739856802774625,43.765394599257718],[-96.739780596082355,43.765386038887478],[-96.739710708701992,43.765366515851483],[-96.739649129768679,43.765334533944497],[-96.739607358065413,43.765288426660263],[-96.739582988584928,43.765236708804117],[-96.739571111085468,43.765182081440713],[-96.73956203218296,43.765127565128608],[-96.739561521211783,43.765072806137205],[-96.739566688567763,43.765018050610536],[-96.739569020304202,43.764963182946573],[-96.739570406282382,43.764908324669754],[-96.739573682853134,43.764853503802016],[-96.739581687386178,43.764798830406519],[-96.739600010397183,43.764745679321202],[-96.739628626310349,43.764694735186353],[-96.739668368957936,43.76464793593766],[-96.739709979004516,43.76460185877449],[-96.7397524560524,43.764556870122291],[-96.739802255249401,43.764515510743379],[-96.739852144004033,43.764473824325854],[-96.739900121794861,43.764431578092335],[-96.739948100293603,43.764389304804489],[-96.739997056154905,43.764347242449304],[-96.740045966426933,43.764305372017873],[-96.740093944720812,43.764263098663491],[-96.740142899164951,43.76422103621654],[-96.740191810475082,43.764179164863805],[-96.740239788564082,43.764136891442902],[-96.740287810326933,43.764094453944203],[-96.740334899700144,43.764051669544642],[-96.74038195751659,43.764008691654006],[-96.740429060044178,43.763965522132153],[-96.740476168627197,43.763922215715048],[-96.740523257568967,43.763879403301715],[-96.740570346400588,43.76383661773847],[-96.740617436417836,43.763793805306733],[-96.740665426541085,43.76375120227474],[-96.740712521168163,43.763708225148662],[-96.740758690671697,43.763664708246907],[-96.740803977326252,43.763620487836825],[-96.740847348104879,43.763575845055286],[-96.740892635427585,43.76353159687207],[-96.740944285925195,43.763491344090518],[-96.74098950799744,43.763447808357768],[-96.741032036252506,43.763402434888022],[-96.741083686544343,43.763362182038144],[-96.741136255872107,43.763322633366805],[-96.741189712809714,43.763283651607438],[-96.741245003904311,43.76324624201542],[-96.741301164509622,43.763209893035018],[-96.741360064306861,43.763175189963398],[-96.741421647207758,43.763143667965529],[-96.741485063454888,43.763112703288861],[-96.741547521570112,43.763082050179371],[-96.741609987068685,43.763051231382043],[-96.741673320467385,43.763021445404043],[-96.74173762493561,43.762992063051662],[-96.741801896873227,43.762962487348325],[-96.741863422400215,43.762931486138584],[-96.741925911928192,43.762899981612257],[-96.741990157880039,43.762871091318267],[-96.742055337658272,43.762842576862298],[-96.742119565091684,43.762814207588917],[-96.742183811264127,43.762785345115503],[-96.742248088934161,43.76275560522943],[-96.742310535153095,43.762725280077021],[-96.742375725559995,43.762696436155892],[-96.742440841913364,43.762668605552172],[-96.742505955953291,43.762640802615692],[-96.742569325697005,43.762611044781153],[-96.742630869918145,43.762579494138095],[-96.742691551883468,43.762546718231185],[-96.742753166210477,43.762514318307154],[-96.742816555544138,43.762484039261409],[-96.742879887954942,43.762454279637296],[-96.742939706430334,43.762420280100287],[-96.743002149489584,43.762389981551991],[-96.743068196458111,43.762362526215476],[-96.743132441703366,43.762333663185998],[-96.74319756923623,43.762305476707816],[-96.743261788611292,43.762277298245706],[-96.743326046831456,43.762248078824008],[-96.743390298798985,43.762219023987889],[-96.743455462647589,43.762190864072906],[-96.74352235277415,43.762165154779446],[-96.743587473015211,43.762137158848454],[-96.74365085036419,43.762107208766025],[-96.743714194166714,43.762077092186274],[-96.743776657284386,43.762046272322969],[-96.74383913172295,43.76201512386028],[-96.74390343391984,43.761985712308338],[-96.743966777625531,43.76195562368698],[-96.74402922095409,43.76192529753024],[-96.744093478467079,43.761896076781348],[-96.744157740863329,43.761866692225077],[-96.744222036964629,43.761837473043485],[-96.744286223831622,43.761809101565852],[-96.744351395209421,43.761780750369461],[-96.744415625436375,43.761752214929167],[-96.744479894923899,43.761722665584742],[-96.744544081510242,43.761694295009413],[-96.74461010866311,43.761667359668145],[-96.744678837133009,43.761643085270592],[-96.744747405096831,43.761621029620152],[-96.74481779588605,43.761599888614576],[-96.744887310818811,43.761577851574003],[-96.744949758439446,43.761547388175387],[-96.745005939792279,43.761510351735012],[-96.745098811208834,43.761447472596252]]]}},
{"type":"Feature","properties":{"OBJECTID":8776,"STREETNAME":"252ND ST"},"geometry":{"type":"MultiLineString","coordinates":[[[-96.739626177109614,43.73220250299957],[-96.731223528891675,43.732155366863324]]]}},
{"type":"Feature","properties":{"OBJECTID":8777,"STREETNAME":"252ND ST"},"geometry":{"type":"MultiLineString","coordinates":[[[-96.671096387703145,43.732328563096956],[-96.666777830726915,43.732317995934402],[-96.661536759692851,43.732304932892973],[-96.651073955414688,43.73227812550919]]]}},
{"type":"Feature","properties":{"OBJECTID":8778,"STREETNAME":"253RD ST"},"geometry":{"type":"MultiLineString","coordinates":[[[-96.651117505158339,43.717734218801326],[-96.646195770987021,43.717732807252247]]]}},
{"type":"Feature","properties":{"OBJECTID":8787,"STREETNAME":"3RD ST"},"geometry":{"type":"MultiLineString","coordinates":[[[-96.737184358557741,43.761292131462248],[-96.737200061024183,43.761251278244707],[-96.737223919888095,43.761184899278987]]]}},
{"type":"Feature","properties":{"OBJECTID":9034,"STREETNAME":"3RD ST"},"geometry":{"type":"MultiLineString","coordinates":[[[-96.736225612066519,43.764050691894539],[-96.73609690399266,43.764049055279074],[-96.736057003005882,43.764046941822514],[-96.73601701849141,43.764047934905896],[-96.73597740895903,43.764052021661819],[-96.735938631277676,43.764059155644759],[-96.735901129582558,43.764069255381706],[-96.73586533261161,43.764082204319394],[-96.735831652618117,43.764097853964003],[-96.735800476344522,43.764116025458542],[-96.735772160912404,43.764136509325652],[-96.735747031915594,43.764159071050017],[-96.735725376108874,43.764183452162627],[-96.735707445013887,43.764209371014985],[-96.735693441458054,43.76423653269859],[-96.735683527084277,43.764264622695535],[-96.735677816493251,43.764293320812939],[-96.735676375209408,43.764322297278582],[-96.735689588505366,43.764729914938918],[-96.735679847754142,43.764797750136886],[-96.735662636417388,43.764864800755042],[-96.735638065458332,43.764930636752283],[-96.735606290995179,43.764994832493805],[-96.735611132766408,43.765284603964275]]]}},
{"type":"Feature","properties":{"OBJECTID":9090,"STREETNAME":"4TH ST"},"geometry":{"type":"MultiLineString","coordinates":[[[-96.736284448435399,43.755399403452266],[-96.736288741054437,43.753911391511998]]]}},
{"type":"Feature","properties":{"OBJECTID":9091,"STREETNAME":"4TH ST"},"geometry":{"type":"MultiLineString","coordinates":[[[-96.736280023920642,43.7562817641085],[-96.736280308410727,43.756181876803623],[-96.736279680243456,43.756113202128844],[-96.736279996784958,43.756044574099512],[-96.736280269858455,43.755976109075597],[-96.73627964168368,43.755907434398566],[-96.736279953091014,43.755838942206907],[-96.73627932491155,43.755770267528398],[-96.736279641435502,43.755701639495207],[-96.736279008043979,43.755633128579518],[-96.736277434102504,43.755564435157829],[-96.736276799706857,43.755495925099005],[-96.736284448435399,43.755399403452266]]]}},
{"type":"Feature","properties":{"OBJECTID":9092,"STREETNAME":"CAITLIN AVE"},"geometry":{"type":"MultiLineString","coordinates":[[[-96.731200572997579,43.764529336006007],[-96.73105011198497,43.764525425758414],[-96.730921255773623,43.764519372104211],[-96.730763364708778,43.76450303737591],[-96.730629332627117,43.764473767567573],[-96.730505743018327,43.764436408072811],[-96.730418498292266,43.764391189365412],[-96.730301115691773,43.764331035438474],[-96.730161955138684,43.764229340123798],[-96.730088310293084,43.764170972364028],[-96.73000572694734,43.764111515922032],[-96.729903732077332,43.764080113163182],[-96.729759985497253,43.764069188417118],[-96.729598296275654,43.764098734597376],[-96.729464066051534,43.764186070083731],[-96.729373034357764,43.764276141241837],[-96.729243966537709,43.764394790779455],[-96.729108942170839,43.764510197391886],[-96.729029134196963,43.764586713364132]]]}},
{"type":"Feature","properties":{"OBJECTID":9093,"STREETNAME":"5TH ST"},"geometry":{"type":"MultiLineString","coordinates":[[[-96.73130007672772,43.757991788132578],[-96.731288915773661,43.755527298530787]]]}},
{"type":"Feature","properties":{"OBJECTID":9094,"STREETNAME":"VALLEY VIEW AVE"},"geometry":{"type":"MultiLineString","coordinates":[[[-96.731304828816349,43.759041511446995],[-96.730730451172775,43.759040786842263],[-96.730447798603876,43.759046743962642],[-96.730306515670648,43.759024891682209],[-96.730190946142429,43.758990646239404],[-96.730080781583894,43.75893820481226],[-96.728894872690645,43.758107977797302],[-96.728646644802964,43.758020845462774],[-96.72845825299602,43.758002050980096],[-96.728218437662861,43.758001834245327],[-96.727990397213446,43.758004732483116]]]}},
{"type":"Feature","properties":{"OBJECTID":9095,"STREETNAME":"4TH ST"},"geometry":{"type":"MultiLineString","coordinates":[[[-96.73603541287963,43.760327669027312],[-96.736026339811275,43.75991863765875],[-96.736024967133616,43.759862167890219],[-96.736027550105717,43.759805719960433],[-96.736034080772953,43.759749440191008],[-96.736044544977858,43.759693472321331],[-96.73605891246244,43.7596379629327],[-96.736077149091059,43.759583052206331],[-96.736099205098981,43.759528883526102],[-96.736125026548862,43.759475595275056],[-96.736254918908529,43.75912347789798],[-96.736279700943896,43.759076234739325],[-96.736301451239797,43.759028213854464]]]}},
{"type":"Feature","properties":{"OBJECTID":9096,"STREETNAME":"BULLDOG AVE"},"geometry":{"type":"MultiLineString","coordinates":[[[-96.73603541287963,43.760327669027312],[-96.735929673849611,43.760323087496573],[-96.73582471265,43.760312740085837],[-96.735721126825311,43.760296686413803],[-96.735619505985682,43.76027501650448],[-96.735520427766275,43.760247855097845],[-96.735424459222713,43.760215356759616],[-96.735332144984994,43.760177705119183],[-96.735244009808028,43.760135115905875],[-96.734632023756518,43.759793400263845],[-96.734551687295479,43.759762421305048],[-96.734468294717061,43.759736024766056],[-96.734382343161187,43.759714367330531],[-96.734294342232289,43.759697577126481],[-96.733465724347454,43.759518637003367],[-96.733408292522384,43.759506558965555],[-96.733352230059879,43.759491473097832],[-96.733297838282951,43.759473460025944],[-96.733245405796339,43.759452616282125],[-96.733195214115341,43.759429052836147],[-96.733147530165937,43.759402894770631],[-96.733102609810601,43.759374284161225],[-96.73306069187754,43.759343371351818],[-96.732970233692299,43.759283789554139],[-96.732873994264082,43.759229173542828],[-96.732772491986495,43.75917981653965],[-96.732666271772274,43.759135983138307],[-96.732555904798232,43.759097909651025],[-96.732441985968293,43.759065800721601],[-96.732325126118994,43.759039830400226],[-96.732205954418504,43.759020136395606],[-96.732085112114902,43.759006825219977],[-96.731963249273207,43.758999968787599],[-96.731841020679738,43.758999603806544],[-96.731719083388754,43.759005732608145],[-96.731304828816349,43.759041511446995]]]}},
{"type":"Feature","properties":{"OBJECTID":9097,"STREETNAME":"4TH ST"},"geometry":{"type":"MultiLineString","coordinates":[[[-96.736068289607829,43.761176398793104],[-96.73603541287963,43.760327669027312]]]}},
{"type":"Feature","properties":{"OBJECTID":9098,"STREETNAME":"LOVELY AVE"},"geometry":{"type":"MultiLineString","coordinates":[[[-96.737223919888095,43.761184899278987],[-96.737129254914663,43.761183984691989],[-96.737034589940677,43.761183070202065],[-96.736939926183624,43.761182155657721],[-96.736845260202557,43.761181268038584],[-96.736750596464304,43.761180353161947],[-96.736655886803504,43.761179602218085],[-96.736561223103692,43.761178686482531],[-96.736466551956468,43.761177936144612],[-96.7363718748027,43.761177377226815],[-96.736278097568217,43.761177000984382],[-96.736183407996549,43.761176771330817],[-96.736068289607829,43.761176398793104]]]}},
{"type":"Feature","properties":{"OBJECTID":9099,"STREETNAME":"LOVELY AVE"},"geometry":{"type":"MultiLineString","coordinates":[[[-96.736068289607829,43.761176398793104],[-96.735918234080273,43.761175989190058],[-96.735824450845655,43.761175804249213],[-96.735729722791049,43.761175573456455],[-96.735635033242474,43.761175343348292],[-96.735540311408045,43.761174947776063],[-96.735445620656918,43.761174717486895],[-96.735350892658175,43.761174485326947],[-96.735256195695328,43.761174419678632],[-96.735161467664526,43.761174188414607],[-96.735066776928988,43.761173957811373],[-96.734972042725474,43.761173890135069],[-96.734877307438893,43.761173851162766],[-96.734782611744293,43.761173784092747],[-96.734688814915174,43.761173927440034],[-96.734594073456719,43.761174051977541],[-96.734499371523569,43.761174150172437],[-96.734404623855511,43.761174439175036],[-96.73430988224824,43.761174535547674],[-96.734214194958469,43.761174641010875]]]}},
{"type":"Feature","properties":{"OBJECTID":9100,"STREETNAME":"VIKING AVE"},"geometry":{"type":"MultiLineString","coordinates":[[[-96.739467177973978,43.757053381063727],[-96.736283073809886,43.757038070411703]]]}},
{"type":"Feature","properties":{"OBJECTID":9101,"STREETNAME":"2ND ST"},"geometry":{"type":"MultiLineString","coordinates":[[[-96.73949514141313,43.760128424405572],[-96.739496738262332,43.759089064028579]]]}},
{"type":"Feature","properties":{"OBJECTID":9102,"STREETNAME":"NIDAROS AVE"},"geometry":{"type":"MultiLineString","coordinates":[[[-96.739496738262332,43.759089064028579],[-96.737718501111075,43.75908391054088]]]}},
{"type":"Feature","properties":{"OBJECTID":9103,"STREETNAME":"NIDAROS AVE"},"geometry":{"type":"MultiLineString","coordinates":[[[-96.741191956804755,43.759105862855719],[-96.741097366224054,43.759104074335454],[-96.741002736336469,43.759102313061092],[-96.74090810767494,43.759100551556898],[-96.740813465410241,43.759099119372046],[-96.74071886064327,43.759097714722451],[-96.740624212196138,43.759096447003984],[-96.740529568943344,43.759095041436304],[-96.740434927953046,43.759093608084541],[-96.740340285491172,43.759092175327744],[-96.740245644483295,43.759090742696863],[-96.740150995055544,43.759089501614312],[-96.740056391359616,43.75908806938893],[-96.739961741946431,43.759086828149698],[-96.739867101008613,43.759085394152471],[-96.739496738262332,43.759089064028579]]]}},
{"type":"Feature","properties":{"OBJECTID":9104,"STREETNAME":"ST OLAF AVE"},"geometry":{"type":"MultiLineString","coordinates":[[[-96.73949514141313,43.760128424405572],[-96.739444653222264,43.760131970251123],[-96.739350010627021,43.760130536843256],[-96.739255365817186,43.760129130185213],[-96.739160722026682,43.760127696596719],[-96.739066073285358,43.760126426699131],[-96.738971422295762,43.760125184428887],[-96.738876765103825,43.76012410687855],[-96.738782109129261,43.760123029273792],[-96.738687451957205,43.760121951391191],[-96.738592797014419,43.760120846602049],[-96.738498133678206,43.760119932483427],[-96.738403476283679,43.760118854360861],[-96.73830882034207,43.760117776364218],[-96.738215102820163,43.760116881614351],[-96.738120445687329,43.760115803262224],[-96.738025783560062,43.760114889653863],[-96.737931126433637,43.760113811320444],[-96.737836469320456,43.760112732733155],[-96.737709603463614,43.760111317969738]]]}},
{"type":"Feature","properties":{"OBJECTID":9105,"STREETNAME":"ST OLAF AVE"},"geometry":{"type":"MultiLineString","coordinates":[[[-96.741069710989976,43.760153604962781],[-96.740975053643979,43.760152529149799],[-96.740880403719359,43.76015128848389],[-96.740785747404402,43.760150185486545],[-96.740691097487243,43.760148944839415],[-96.740596440174912,43.76014786853743],[-96.740501783913302,43.760146764427418],[-96.74040713402367,43.760145523369665],[-96.740312519972505,43.760144283117974],[-96.740217871108342,43.760143015051405],[-96.740123220029446,43.760141773734667],[-96.740028571212761,43.760140504633881],[-96.739933927359445,43.760139071685352],[-96.739839276302362,43.760137830133537],[-96.739744633674974,43.760136397052328],[-96.739649982632457,43.760135155343804],[-96.73949514141313,43.760128424405572]]]}},
{"type":"Feature","properties":{"OBJECTID":9106,"STREETNAME":"2ND ST"},"geometry":{"type":"MultiLineString","coordinates":[[[-96.739519281555005,43.761177076872492],[-96.73949514141313,43.760128424405572]]]}},
{"type":"Feature","properties":{"OBJECTID":9107,"STREETNAME":"LOVELY AVE"},"geometry":{"type":"MultiLineString","coordinates":[[[-96.74054437767532,43.761179884983328],[-96.739519281555005,43.761177076872492]]]}},
{"type":"Feature","properties":{"OBJECTID":9108,"STREETNAME":"LOVELY AVE"},"geometry":{"type":"MultiLineString","coordinates":[[[-96.739519281555005,43.761177076872492],[-96.739444739743348,43.761177027123246],[-96.739349991925707,43.761177320229109],[-96.739255237908296,43.761177777879183],[-96.739160490095003,43.761178070827782],[-96.73906668812981,43.761178382417533],[-96.738971940321093,43.761178675209685],[-96.738877186304975,43.761179132721452],[-96.738782475792021,43.761179426094493],[-96.738687721786349,43.761179883273499],[-96.738592967815549,43.761180339496377],[-96.738498214055625,43.761180796522879],[-96.738403460048701,43.761181253641446],[-96.738309644672242,43.761181920882194],[-96.738214889464416,43.761182377644786],[-96.738120129264004,43.761182998975372],[-96.738025375296743,43.761183454902579],[-96.737930614047187,43.761184103980945],[-96.737835860089817,43.761184559575391],[-96.73770697904888,43.761185300862827]]]}},
{"type":"Feature","properties":{"OBJECTID":9109,"STREETNAME":"2ND ST"},"geometry":{"type":"MultiLineString","coordinates":[[[-96.739260522607367,43.761774174875789],[-96.739531145845405,43.761622027807498],[-96.739519281555005,43.761177076872492]]]}},
{"type":"Feature","properties":{"OBJECTID":9110,"STREETNAME":"JOHNSON AVE"},"geometry":{"type":"MultiLineString","coordinates":[[[-96.736280023920642,43.7562817641085],[-96.732404382172305,43.756290718712343],[-96.73236822032321,43.756285294586128],[-96.732332876806026,43.756277535115743],[-96.732298640497646,43.756267503469033],[-96.732265785992226,43.756255281674804],[-96.732234581946258,43.756240967802711],[-96.732205278623667,43.756224678526067],[-96.732178115789836,43.756206545414578],[-96.732153312286641,43.756186715078542],[-96.732131068971228,43.756165348348958],[-96.732111566105573,43.756142618820647],[-96.732094962474306,43.756118710551306],[-96.732081392296692,43.756093816419465],[-96.732070964460689,43.756068139163098],[-96.732063765640675,43.756041885821112],[-96.732059851246177,43.756015270012426],[-96.732059255070439,43.755988506683032],[-96.732059305015738,43.755838998730738]]]}},
{"type":"Feature","properties":{"OBJECTID":9111,"STREETNAME":"KRINGEN AVE"},"geometry":{"type":"MultiLineString","coordinates":[[[-96.736284448435399,43.755399403452266],[-96.736201156877584,43.755398329194279],[-96.736106444138869,43.755397934288624],[-96.736011763693341,43.755397704690047],[-96.735917088251085,43.755397310366391],[-96.735822369315358,43.755397079847846],[-96.735727656594094,43.755396684628174],[-96.735632981164983,43.755396290069051],[-96.735539207994094,43.755396078061899],[-96.735444532613386,43.755395682293596],[-96.735349858408071,43.755395287523875],[-96.735255146728747,43.755394864884884],[-96.735160471321791,43.755394469934203],[-96.735065752419345,43.75539423878827],[-96.734971077054226,43.755393842803123],[-96.734876364372766,43.75539344687764],[-96.73478169019414,43.755393051637085],[-96.734687014809381,43.755392656294042],[-96.734592295927797,43.755392424755534],[-96.734497621571947,43.75539200222795],[-96.734402908945825,43.755391605032443],[-96.73430823479606,43.755391209224015],[-96.734213514720551,43.755390977347432],[-96.734119786324271,43.755390600316254],[-96.734025067467556,43.755390368307431],[-96.733930392117855,43.755389972337312],[-96.73383567326934,43.755389740171431],[-96.73374099174562,43.755389507789211],[-96.733646279121217,43.755389110843957],[-96.733551598783194,43.755388879206272],[-96.733456878740199,43.755388646702258],[-96.733362198410092,43.7553884149076],[-96.733267479585692,43.755388182270593],[-96.733172798086031,43.755387949417383],[-96.733078071997909,43.755387909150627],[-96.732984336256521,43.755387694908535],[-96.732889611229396,43.755387626580436],[-96.732794892424252,43.75538739355148],[-96.732700203670944,43.755387352833836],[-96.73260547865442,43.755387284270043],[-96.732510792172761,43.75538721551434],[-96.73241734843927,43.755397326564861],[-96.73232875644517,43.75542130925362],[-96.732245387336533,43.755453353751967],[-96.732176298190709,43.755500281859923],[-96.732123629205773,43.755557498448269],[-96.732088546155481,43.755621264932529],[-96.732071232136988,43.755688705603433],[-96.732059305015738,43.755838998730738]]]}},
{"type":"Feature","properties":{"OBJECTID":9450,"STREETNAME":"SUNI AVE"},"geometry":{"type":"MultiLineString","coordinates":[[[-96.728931644873555,43.766100477080329],[-96.728873832046048,43.765942587428697],[-96.728810368437479,43.765769785186883],[-96.728726147299398,43.765609468815548],[-96.72861932787194,43.765467303475596],[-96.728451071181325,43.765364967145146],[-96.728206976254171,43.76527730820461],[-96.727930494287193,43.765198859106803],[-96.727694803451172,43.765133815678425],[-96.727466589423031,43.765070548460585],[-96.727293731383398,43.765026466679593],[-96.727077491363261,43.764976992568982],[-96.726855834572646,43.764961860665231],[-96.726736706576389,43.764961745441845]]]}},
{"type":"Feature","properties":{"OBJECTID":9451,"STREETNAME":"S 6TH ST"},"geometry":{"type":"MultiLineString","coordinates":[[[-96.726736706576389,43.764961745441845],[-96.726777820011918,43.764140718887226]]]}},
{"type":"Feature","properties":{"OBJECTID":9452,"STREETNAME":"AANA AVE"},"geometry":{"type":"MultiLineString","coordinates":[[[-96.729029134196963,43.764586713364132],[-96.728793891538444,43.76445508357196],[-96.72858578048394,43.764380088579415],[-96.728240729108236,43.764298451614252],[-96.727772374008737,43.764237078214698],[-96.727387981142101,43.764187189669435],[-96.727008305465333,43.764154438340462],[-96.726777820011918,43.764140718887226]]]}},
{"type":"Feature","properties":{"OBJECTID":9453,"STREETNAME":"KYLE AVE"},"geometry":{"type":"MultiLineString","coordinates":[[[-96.728931644873555,43.766100477080329],[-96.728834091047673,43.76611906123965],[-96.728585094814235,43.766143505515203],[-96.728234916465809,43.766136079397377],[-96.728047604170797,43.766110318053478],[-96.727728969498102,43.766015479948692],[-96.727472368802026,43.76593470145837],[-96.727178517534412,43.765835438119581],[-96.726950840473208,43.765790080368561],[-96.726713313936301,43.765789910697812]]]}},
{"type":"Feature","properties":{"OBJECTID":9454,"STREETNAME":"N 6TH ST"},"geometry":{"type":"MultiLineString","coordinates":[[[-96.726736706576389,43.764961745441845],[-96.726713313936301,43.765789910697812]]]}},
{"type":"Feature","properties":{"OBJECTID":9455,"STREETNAME":"N 6TH ST"},"geometry":{"type":"MultiLineString","coordinates":[[[-96.726713313936301,43.765789910697812],[-96.726690271555924,43.766570371197766]]]}},
{"type":"Feature","properties":{"OBJECTID":9456,"STREETNAME":"KYLE AVE"},"geometry":{"type":"MultiLineString","coordinates":[[[-96.730022539219362,43.765549504625454],[-96.729774360801144,43.765715267831219],[-96.72970705205627,43.765763793756847],[-96.729637911533061,43.765810692337539],[-96.729565187136259,43.76585422526594],[-96.729492493826996,43.765897952139277],[-96.729417954891872,43.765940379292459],[-96.729338937224625,43.765978079562593],[-96.729256382725779,43.766012196252383],[-96.729173009543601,43.766043909732147],[-96.729085275967108,43.766069800415487],[-96.728994137045859,43.766088570720925],[-96.728931644873555,43.766100477080329]]]}},
{"type":"Feature","properties":{"OBJECTID":9457,"STREETNAME":"AANA AVE"},"geometry":{"type":"MultiLineString","coordinates":[[[-96.730022539219362,43.765549504625454],[-96.729890590295611,43.765410655906564],[-96.72979478649097,43.765307570099779],[-96.72969850791975,43.765216027854208],[-96.729583528833899,43.765092335035455],[-96.729440954804346,43.764959394436367],[-96.729275270257503,43.764805768534821],[-96.729132587563939,43.76467573442585],[-96.72905151305163,43.764604747538883],[-96.729029134196963,43.764586713364132]]]}},
{"type":"Feature","properties":{"OBJECTID":9458,"STREETNAME":"5TH ST"},"geometry":{"type":"MultiLineString","coordinates":[[[-96.731176965677406,43.765322836034514],[-96.731200572997579,43.764529336006007]]]}},
{"type":"Feature","properties":{"OBJECTID":9459,"STREETNAME":"KYLE AVE"},"geometry":{"type":"MultiLineString","coordinates":[[[-96.731176965677406,43.765322836034514],[-96.731009348186745,43.765330000543663],[-96.730910077318498,43.76533155725803],[-96.730810735402457,43.765336799399428],[-96.730708511715889,43.765348365194328],[-96.7306106343339,43.765357123306501],[-96.730500708462998,43.765372091279204],[-96.730411038811468,43.76539813719512],[-96.730315894341203,43.76542535710103],[-96.73023192091064,43.765457964304019],[-96.730151786490225,43.765493459637483],[-96.730022539219362,43.765549504625454]]]}},
{"type":"Feature","properties":{"OBJECTID":9460,"STREETNAME":"SVERDRUP AVE"},"geometry":{"type":"MultiLineString","coordinates":[[[-96.736288741054437,43.753911391511998],[-96.736263015098629,43.746716381813854]]]}},
{"type":"Feature","properties":{"OBJECTID":9461,"STREETNAME":"251ST ST"},"geometry":{"type":"MultiLineString","coordinates":[[[-96.74090486808052,43.74669678647939],[-96.736263015098629,43.746716381813854]]]}},
{"type":"Feature","properties":{"OBJECTID":9462,"STREETNAME":"DITCH RD"},"geometry":{"type":"MultiLineString","coordinates":[[[-96.74090486808052,43.74669678647939],[-96.740933129856998,43.746692806762084],[-96.740960060145838,43.746685425876088],[-96.74098488727833,43.746674856889015],[-96.741006897037792,43.74666140217392],[-96.741025458801701,43.746645447603399],[-96.741040040980891,43.746627451438158],[-96.741050224451385,43.746607928609507],[-96.74105571722707,43.746587440647062],[-96.740336931132873,43.739701981122401],[-96.739626177109614,43.73220250299957]]]}},
{"type":"Feature","properties":{"OBJECTID":9463,"STREETNAME":"ELM AVE"},"geometry":{"type":"MultiLineString","coordinates":[[[-96.737487076777242,43.764298097212524],[-96.736225612066519,43.764050691894539]]]}},
{"type":"Feature","properties":{"OBJECTID":9464,"STREETNAME":"2ND ST"},"geometry":{"type":"MultiLineString","coordinates":[[[-96.737487076777242,43.764298097212524],[-96.737588564308496,43.764240769130026],[-96.73807688440462,43.763047467267995]]]}},
{"type":"Feature","properties":{"OBJECTID":9465,"STREETNAME":"ELM AVE"},"geometry":{"type":"MultiLineString","coordinates":[[[-96.736248589456864,43.763983637592936],[-96.736167316869796,43.76394882099563],[-96.736086070001591,43.763913318820507],[-96.734484459615402,43.763493133330641]]]}},
{"type":"Feature","properties":{"OBJECTID":9466,"STREETNAME":"DOUGLAS DR"},"geometry":{"type":"MultiLineString","coordinates":[[[-96.734484459615402,43.763493133330641],[-96.734513376469835,43.763409765650408],[-96.734537232213683,43.763343579884271],[-96.734562039751211,43.76327724824197],[-96.734584016875274,43.763210667792571],[-96.734606038442706,43.763143897304481],[-96.734627076583905,43.763077106431396],[-96.734648119646508,43.763010151783966],[-96.734669157930284,43.762943360904444],[-96.734690240449808,43.762876379104263],[-96.734711277580445,43.762809616118524],[-96.734736918726441,43.762729222073851]]]}},
{"type":"Feature","properties":{"OBJECTID":9467,"STREETNAME":"ELM AVE"},"geometry":{"type":"MultiLineString","coordinates":[[[-96.734484459615402,43.763493133330641],[-96.733903627641581,43.76334177846033]]]}},
{"type":"Feature","properties":{"OBJECTID":9468,"STREETNAME":"ELM AVE"},"geometry":{"type":"MultiLineString","coordinates":[[[-96.733903627641581,43.76334177846033],[-96.733781384163208,43.763310722183789],[-96.733691754664378,43.763288691459167],[-96.733551720501637,43.763254765319935]]]}},
{"type":"Feature","properties":{"OBJECTID":9469,"STREETNAME":"ELM AVE"},"geometry":{"type":"MultiLineString","coordinates":[[[-96.732419970533755,43.762959477025333],[-96.731261329501706,43.762687485711716]]]}},
{"type":"Feature","properties":{"OBJECTID":9470,"STREETNAME":"ELM AVE"},"geometry":{"type":"MultiLineString","coordinates":[[[-96.733551720501637,43.763254765319935],[-96.732692255626461,43.763030521166556]]]}},
{"type":"Feature","properties":{"OBJECTID":9471,"STREETNAME":"ELM AVE"},"geometry":{"type":"MultiLineString","coordinates":[[[-96.732692255626461,43.763030521166556],[-96.732419970533755,43.762959477025333]]]}},
{"type":"Feature","properties":{"OBJECTID":9472,"STREETNAME":"5TH ST"},"geometry":{"type":"MultiLineString","coordinates":[[[-96.731200572997579,43.764529336006007],[-96.731261329501706,43.762687485711716]]]}},
{"type":"Feature","properties":{"OBJECTID":9508,"STREETNAME":"256TH ST"},"geometry":{"type":"MultiLineString","coordinates":[[[-96.778520664543478,43.674275698924816],[-96.776668203930583,43.674271305634896]]]}},
{"type":"Feature","properties":{"OBJECTID":9509,"STREETNAME":"256TH ST"},"geometry":{"type":"MultiLineString","coordinates":[[[-96.776668203930583,43.674271305634896],[-96.771460472080562,43.674281279856267]]]}},
{"type":"Feature","properties":{"OBJECTID":9510,"STREETNAME":"472ND AVE"},"geometry":{"type":"MultiLineString","coordinates":[[[-96.771415753005357,43.688752897921503],[-96.771460472080562,43.674281279856267]]]}},
{"type":"Feature","properties":{"OBJECTID":9511,"STREETNAME":"255TH ST"},"geometry":{"type":"MultiLineString","coordinates":[[[-96.772710178441784,43.688750423671131],[-96.771415753005357,43.688752897921503]]]}},
{"type":"Feature","properties":{"OBJECTID":9576,"STREETNAME":"252ND ST"},"geometry":{"type":"MultiLineString","coordinates":[[[-96.651073955414688,43.73227812550919],[-96.646195770987021,43.732262795136826]]]}},
{"type":"Feature","properties":{"OBJECTID":9801,"STREETNAME":"472ND AVE"},"geometry":{"type":"MultiLineString","coordinates":[[[-96.771270279140509,43.766570371197766],[-96.771269684883222,43.761118135343047]]]}},
{"type":"Feature","properties":{"OBJECTID":9838,"STREETNAME":"255TH ST"},"geometry":{"type":"MultiLineString","coordinates":[[[-96.651182995781568,43.68866838963794],[-96.646195770987021,43.688673817262682]]]}},
{"type":"Feature","properties":{"OBJECTID":9839,"STREETNAME":"255TH ST"},"geometry":{"type":"MultiLineString","coordinates":[[[-96.671222675284397,43.688794279495845],[-96.651182995781568,43.68866838963794]]]}},
{"type":"Feature","properties":{"OBJECTID":9840,"STREETNAME":"DITCH RD"},"geometry":{"type":"MultiLineString","coordinates":[[[-96.729142899474979,43.688716844564681],[-96.729058752582446,43.674237431374692]]]}},
{"type":"Feature","properties":{"OBJECTID":9841,"STREETNAME":"475TH AVE"},"geometry":{"type":"MultiLineString","coordinates":[[[-96.706914394418391,43.688698556951969],[-96.706864834719042,43.688563295933982],[-96.706822718236452,43.688426712282293],[-96.70675950878551,43.688228779165229],[-96.706705596918042,43.688029403082538],[-96.706657299509075,43.687814348005894],[-96.706616710934995,43.687598456530871],[-96.706583858774508,43.687381872889844],[-96.706557226130798,43.687118794147956],[-96.706538784340012,43.686855345881774],[-96.706525791388771,43.686311180645838],[-96.706518065062667,43.685698188434962],[-96.706511681602763,43.685055431629017],[-96.706508950441687,43.684507556603918],[-96.70651138048332,43.683942943864757],[-96.70651021888122,43.683252753350573],[-96.706521951167915,43.682383139747451],[-96.70652339121402,43.682298256707654]]]}},
{"type":"Feature","properties":{"OBJECTID":9842,"STREETNAME":"475TH AVE"},"geometry":{"type":"MultiLineString","coordinates":[[[-96.706518719183734,43.674650013411394],[-96.70651858927009,43.674248247546224]]]}},
{"type":"Feature","properties":{"OBJECTID":9843,"STREETNAME":"256TH ST"},"geometry":{"type":"MultiLineString","coordinates":[[[-96.729058752582446,43.674237431374692],[-96.70651858927009,43.674248247546224]]]}},
{"type":"Feature","properties":{"OBJECTID":9845,"STREETNAME":"475TH AVE"},"geometry":{"type":"MultiLineString","coordinates":[[[-96.70651858927009,43.674248247546224],[-96.706529054078047,43.672817267239921],[-96.706528662301167,43.672710613455763],[-96.706531778461638,43.672603984247374],[-96.706538399561936,43.672497438743846],[-96.706548521792428,43.672391038341118],[-96.706562139180818,43.672284844039922],[-96.706579244129387,43.672178915051902],[-96.706599828725288,43.672073312513874],[-96.706623877560602,43.671968097411948],[-96.706651380136961,43.671863328898574],[-96.706682320395345,43.671759066014204],[-96.706716678610249,43.671655368779206],[-96.70675443651399,43.67155229706735],[-96.706795573038335,43.671449908061312],[-96.706840063865343,43.671348261688493],[-96.706887884334591,43.671247414180812],[-96.706939007516581,43.671147424183253],[-96.706993402452397,43.671048348152141],[-96.707051040138182,43.670950242055817],[-96.707111886910084,43.67085316352528],[-96.707175907317847,43.67075716629153],[-96.707243066113676,43.670662305143175],[-96.707313324927554,43.670568634279114],[-96.707386643214221,43.670476207854541],[-96.707462979320766,43.670385077367541],[-96.707542289399029,43.670295294799104],[-96.707624528863164,43.670206912466497],[-96.707658763564268,43.670171949301846]]]}},
{"type":"Feature","properties":{"OBJECTID":9846,"STREETNAME":"254TH ST"},"geometry":{"type":"MultiLineString","coordinates":[[[-96.711288637044618,43.703242183407511],[-96.691299212915979,43.703259272624948]]]}},
{"type":"Feature","properties":{"OBJECTID":9847,"STREETNAME":"475TH AVE"},"geometry":{"type":"MultiLineString","coordinates":[[[-96.711260201336245,43.717711122109982],[-96.71130823659125,43.710437281533395],[-96.711288637044618,43.703242183407511]]]}},
{"type":"Feature","properties":{"OBJECTID":9848,"STREETNAME":"475TH AVE"},"geometry":{"type":"MultiLineString","coordinates":[[[-96.711232279897899,43.724939357581945],[-96.711260201336245,43.717711122109982]]]}},
{"type":"Feature","properties":{"OBJECTID":9849,"STREETNAME":"NORWAY ST"},"geometry":{"type":"MultiLineString","coordinates":[[[-96.731273163126261,43.724952178664076],[-96.711232279897899,43.724939357581945]]]}},
{"type":"Feature","properties":{"OBJECTID":9850,"STREETNAME":"474TH AVE"},"geometry":{"type":"MultiLineString","coordinates":[[[-96.731223528891675,43.732155366863324],[-96.731273163126261,43.724952178664076]]]}},
{"type":"Feature","properties":{"OBJECTID":9851,"STREETNAME":"252ND ST"},"geometry":{"type":"MultiLineString","coordinates":[[[-96.731223528891675,43.732155366863324],[-96.711187195759777,43.732201622463393]]]}},
{"type":"Feature","properties":{"OBJECTID":9852,"STREETNAME":"475TH AVE"},"geometry":{"type":"MultiLineString","coordinates":[[[-96.711187195759777,43.732201622463393],[-96.711232279897899,43.724939357581945]]]}},
{"type":"Feature","properties":{"OBJECTID":9853,"STREETNAME":"474TH AVE"},"geometry":{"type":"MultiLineString","coordinates":[[[-96.731281858728309,43.753969264092888],[-96.731266684204655,43.746705173074439]]]}},
{"type":"Feature","properties":{"OBJECTID":9854,"STREETNAME":"251ST ST"},"geometry":{"type":"MultiLineString","coordinates":[[[-96.736263015098629,43.746716381813854],[-96.731266684204655,43.746705173074439]]]}},
{"type":"Feature","properties":{"OBJECTID":9855,"STREETNAME":"474TH AVE"},"geometry":{"type":"MultiLineString","coordinates":[[[-96.731266684204655,43.746705173074439],[-96.731223528891675,43.732155366863324]]]}},
{"type":"Feature","properties":{"OBJECTID":9856,"STREETNAME":"475TH AVE"},"geometry":{"type":"MultiLineString","coordinates":[[[-96.711069979496315,43.766570371197766],[-96.711132761504814,43.765421681172612],[-96.711226240809737,43.763713627026021],[-96.711276034120502,43.762816418093017],[-96.711297718951243,43.762212072313268],[-96.71130689563509,43.761742635415082],[-96.711312120145379,43.761160386732193]]]}},
{"type":"Feature","properties":{"OBJECTID":9931,"STREETNAME":"475TH AVE"},"geometry":{"type":"MultiLineString","coordinates":[[[-96.70652339121402,43.682298256707654],[-96.706528002612686,43.677809391043645],[-96.706518719183734,43.674650013411394]]]}},
{"type":"Feature","properties":{"OBJECTID":9932,"STREETNAME":"WASHINGTON ST"},"geometry":{"type":"MultiLineString","coordinates":[[[-96.704346330734936,43.682369999433014],[-96.704113902759076,43.682387830778339],[-96.704004755698961,43.682396628176157],[-96.703876917697514,43.682402676447872],[-96.702826793712049,43.682414656043726],[-96.702581546008204,43.682413961685306],[-96.702414451426591,43.682413898688893]]]}},
{"type":"Feature","properties":{"OBJECTID":9933,"STREETNAME":"478TH AVE"},"geometry":{"type":"MultiLineString","coordinates":[[[-96.651182995781568,43.68866838963794],[-96.651394338990315,43.674269579711421]]]}},
{"type":"Feature","properties":{"OBJECTID":9934,"STREETNAME":"478TH AVE"},"geometry":{"type":"MultiLineString","coordinates":[[[-96.651394338990315,43.674269579711421],[-96.651417377982384,43.670171949301846]]]}},
{"type":"Feature","properties":{"OBJECTID":9935,"STREETNAME":"256TH ST"},"geometry":{"type":"MultiLineString","coordinates":[[[-96.651394338990315,43.674269579711421],[-96.648847287781209,43.674260864851604],[-96.646195770987021,43.674251663136204]]]}},
{"type":"Feature","properties":{"OBJECTID":10017,"STREETNAME":"478TH AVE"},"geometry":{"type":"MultiLineString","coordinates":[[[-96.651167192324024,43.766570371197766],[-96.651160569182082,43.765135197981529],[-96.651150611252646,43.761372108893127]]]}},
{"type":"Feature","properties":{"OBJECTID":10018,"STREETNAME":"250TH ST"},"geometry":{"type":"MultiLineString","coordinates":[[[-96.671242539201373,43.761315431093379],[-96.661163404341693,43.761371369338747],[-96.651150611252646,43.761372108893127]]]}},
{"type":"Feature","properties":{"OBJECTID":10019,"STREETNAME":"250TH ST"},"geometry":{"type":"MultiLineString","coordinates":[[[-96.651150611252646,43.761372108893127],[-96.646195770987021,43.761343405808752]]]}},
{"type":"Feature","properties":{"OBJECTID":10020,"STREETNAME":"478TH AVE"},"geometry":{"type":"MultiLineString","coordinates":[[[-96.651150611252646,43.761372108893127],[-96.651137269954219,43.74681776016746]]]}},
{"type":"Feature","properties":{"OBJECTID":10021,"STREETNAME":"251ST ST"},"geometry":{"type":"MultiLineString","coordinates":[[[-96.651137269954219,43.74681776016746],[-96.646195770987021,43.746803376232648]]]}},
{"type":"Feature","properties":{"OBJECTID":10022,"STREETNAME":"478TH AVE"},"geometry":{"type":"MultiLineString","coordinates":[[[-96.651137269954219,43.74681776016746],[-96.651125732217849,43.735891901752872],[-96.651073955414688,43.73227812550919]]]}},
{"type":"Feature","properties":{"OBJECTID":10100,"STREETNAME":"477TH AVE"},"geometry":{"type":"MultiLineString","coordinates":[[[-96.671126067975834,43.766570371197766],[-96.671242539201373,43.761315431093379]]]}},
{"type":"Feature","properties":{"OBJECTID":10105,"STREETNAME":"250TH ST"},"geometry":{"type":"MultiLineString","coordinates":[[[-96.711312120145379,43.761160386732193],[-96.706125881732703,43.761176493076711],[-96.701073223724734,43.761194578322218],[-96.691233382636909,43.761243018978554]]]}},
{"type":"Feature","properties":{"OBJECTID":10106,"STREETNAME":"476TH AVE"},"geometry":{"type":"MultiLineString","coordinates":[[[-96.691035443445401,43.766570371197766],[-96.691233382636909,43.761243018978554]]]}},
{"type":"Feature","properties":{"OBJECTID":10107,"STREETNAME":"250TH ST"},"geometry":{"type":"MultiLineString","coordinates":[[[-96.691233382636909,43.761243018978554],[-96.686803766967529,43.761255476118443],[-96.681293197807477,43.761275005153593],[-96.671242539201373,43.761315431093379]]]}},
{"type":"Feature","properties":{"OBJECTID":10108,"STREETNAME":"476TH AVE"},"geometry":{"type":"MultiLineString","coordinates":[[[-96.691233382636909,43.761243018978554],[-96.691126483210141,43.746750135351995]]]}},
{"type":"Feature","properties":{"OBJECTID":10109,"STREETNAME":"251ST ST"},"geometry":{"type":"MultiLineString","coordinates":[[[-96.691126483210141,43.746750135351995],[-96.681106306063782,43.746772358352729],[-96.671144477906282,43.746812878232376]]]}},
{"type":"Feature","properties":{"OBJECTID":10110,"STREETNAME":"251ST ST"},"geometry":{"type":"MultiLineString","coordinates":[[[-96.671144477906282,43.746812878232376],[-96.651137269954219,43.74681776016746]]]}},
{"type":"Feature","properties":{"OBJECTID":10111,"STREETNAME":"477TH AVE"},"geometry":{"type":"MultiLineString","coordinates":[[[-96.671242539201373,43.761315431093379],[-96.671144477906282,43.746812878232376]]]}},
{"type":"Feature","properties":{"OBJECTID":10112,"STREETNAME":"477TH AVE"},"geometry":{"type":"MultiLineString","coordinates":[[[-96.671144477906282,43.746812878232376],[-96.671096387703145,43.732328563096956]]]}},
{"type":"Feature","properties":{"OBJECTID":10117,"STREETNAME":"250TH ST"},"geometry":{"type":"MultiLineString","coordinates":[[[-96.771269684883222,43.761118135343047],[-96.761714853935189,43.761140599723703]]]}},
{"type":"Feature","properties":{"OBJECTID":10118,"STREETNAME":"250TH ST"},"geometry":{"type":"MultiLineString","coordinates":[[[-96.761714853935189,43.761140599723703],[-96.751290488080301,43.761146149556531]]]}},
{"type":"Feature","properties":{"OBJECTID":10120,"STREETNAME":"473RD AVE"},"geometry":{"type":"MultiLineString","coordinates":[[[-96.751307886055884,43.766570371197766],[-96.751290488080301,43.761146149556531]]]}},
{"type":"Feature","properties":{"OBJECTID":10139,"STREETNAME":"MOREFIELD AVE"},"geometry":{"type":"MultiLineString","coordinates":[[[-96.737725646386551,43.758044568103728],[-96.736288024667445,43.758041117679745]]]}},
{"type":"Feature","properties":{"OBJECTID":10140,"STREETNAME":"3RD ST"},"geometry":{"type":"MultiLineString","coordinates":[[[-96.737718501111075,43.75908391054088],[-96.737718610722041,43.758978486251586],[-96.737718888511054,43.758909856598841],[-96.737719198399205,43.758841365278847],[-96.737719513437256,43.758772737240534],[-96.737720774310361,43.758704127053967],[-96.737721091602054,43.758635471132912],[-96.737721400454546,43.758567006837403],[-96.737721716527616,43.758498350890804],[-96.737722031577889,43.758429721971055],[-96.737723286186039,43.758361277280663],[-96.737723603732121,43.758292620482955],[-96.737723918736364,43.758223992438367],[-96.737724234788615,43.758155336487832],[-96.737725452119236,43.758086890178248],[-96.737725646386551,43.758044568103728]]]}},
{"type":"Feature","properties":{"OBJECTID":10141,"STREETNAME":"4TH ST"},"geometry":{"type":"MultiLineString","coordinates":[[[-96.736301451239797,43.759028213854464],[-96.736300212101298,43.758906479727898],[-96.736299540505101,43.758837969141517],[-96.736298911400439,43.758769321347387],[-96.736298277090611,43.758700811498471],[-96.736297648753109,43.758632136845968],[-96.736297014446322,43.75856362682007],[-96.736295441789451,43.758494932575637],[-96.736294807238053,43.758426422543508],[-96.736294179136578,43.758357747892887],[-96.73629259902529,43.758289219122368],[-96.736291926402785,43.758220735381499],[-96.73629035331119,43.758152014077098],[-96.736288773193394,43.758083485479972],[-96.736288024667445,43.758041117679745]]]}},
{"type":"Feature","properties":{"OBJECTID":10142,"STREETNAME":"4TH ST"},"geometry":{"type":"MultiLineString","coordinates":[[[-96.736288024667445,43.758041117679745],[-96.736287570264679,43.757929671448089],[-96.736285991120582,43.757861142692335],[-96.736285363008477,43.75779246803571],[-96.736284691428992,43.75772395638451],[-96.736284063313306,43.75765528172645],[-96.73628342768508,43.75758679976601],[-96.736282799605533,43.757518124053462],[-96.736282165268449,43.757449614191252],[-96.736282483087876,43.75738098620085],[-96.736281848785865,43.757312475284138],[-96.736282166440333,43.757243819363104],[-96.736282483038281,43.757175191346406],[-96.736282793456056,43.757106727073982],[-96.736283073809886,43.757038070411703]]]}},
{"type":"Feature","properties":{"OBJECTID":10143,"STREETNAME":"MOREFIELD AVE"},"geometry":{"type":"MultiLineString","coordinates":[[[-96.739498345590775,43.758045280331352],[-96.737725646386551,43.758044568103728]]]}},
{"type":"Feature","properties":{"OBJECTID":10144,"STREETNAME":"2ND ST"},"geometry":{"type":"MultiLineString","coordinates":[[[-96.739496738262332,43.759089064028579],[-96.739498345590775,43.758045280331352]]]}},
{"type":"Feature","properties":{"OBJECTID":10145,"STREETNAME":"2ND ST"},"geometry":{"type":"MultiLineString","coordinates":[[[-96.739498345590775,43.758045280331352],[-96.739467177973978,43.757053381063727]]]}},
{"type":"Feature","properties":{"OBJECTID":10146,"STREETNAME":"1ST ST"},"geometry":{"type":"MultiLineString","coordinates":[[[-96.741191956804755,43.759105862855719],[-96.741191521492681,43.759033926459693],[-96.741192772218255,43.75896548077511],[-96.741193083322784,43.758896851765257],[-96.741193396651369,43.758828195750851],[-96.74119370771497,43.758759567616934],[-96.741194921371672,43.758691121196584],[-96.741195233476702,43.758622465155888],[-96.741195544560483,43.758553836142063],[-96.741195850461466,43.758485344722907],[-96.741196161537374,43.758416715707554],[-96.741196474837338,43.758348059687705],[-96.74119677970927,43.758279595293864],[-96.741197090740343,43.758210967153687],[-96.741197402817789,43.758142311107548],[-96.741197713874016,43.758073682088302],[-96.741198040648996,43.758050475399173]]]}},
{"type":"Feature","properties":{"OBJECTID":10147,"STREETNAME":"MOREFIELD AVE"},"geometry":{"type":"MultiLineString","coordinates":[[[-96.741198040648996,43.758050475399173],[-96.739498345590775,43.758045280331352]]]}},
{"type":"Feature","properties":{"OBJECTID":10148,"STREETNAME":"3RD ST"},"geometry":{"type":"MultiLineString","coordinates":[[[-96.737725646386551,43.758044568103728],[-96.737715122392061,43.757551980192204]]]}},
{"type":"Feature","properties":{"OBJECTID":10387,"STREETNAME":"256TH ST"},"geometry":{"type":"MultiLineString","coordinates":[[[-96.771460472080562,43.674281279856267],[-96.762046192711622,43.674233137735307],[-96.751443250510874,43.674234573638586]]]}},
{"type":"Feature","properties":{"OBJECTID":10388,"STREETNAME":"256TH ST"},"geometry":{"type":"MultiLineString","coordinates":[[[-96.751443250510874,43.674234573638586],[-96.729058752582446,43.674237431374692]]]}},
{"type":"Feature","properties":{"OBJECTID":10389,"STREETNAME":"473RD AVE"},"geometry":{"type":"MultiLineString","coordinates":[[[-96.751368247396385,43.688731265334553],[-96.751443250510874,43.674234573638586]]]}},
{"type":"Feature","properties":{"OBJECTID":10390,"STREETNAME":"255TH ST"},"geometry":{"type":"MultiLineString","coordinates":[[[-96.771415753005357,43.688752897921503],[-96.751368247396385,43.688731265334553]]]}},
{"type":"Feature","properties":{"OBJECTID":10391,"STREETNAME":"255TH ST"},"geometry":{"type":"MultiLineString","coordinates":[[[-96.751368247396385,43.688731265334553],[-96.729142899474979,43.688716844564681]]]}},
{"type":"Feature","properties":{"OBJECTID":10392,"STREETNAME":"473RD AVE"},"geometry":{"type":"MultiLineString","coordinates":[[[-96.751328378671374,43.695961237085974],[-96.751368247396385,43.688731265334553]]]}},
{"type":"Feature","properties":{"OBJECTID":10441,"STREETNAME":"RIVERBEND PL"},"geometry":{"type":"MultiLineString","coordinates":[[[-96.744631149347939,43.703210525931269],[-96.744616846485272,43.70304325546774],[-96.744583299101222,43.702952296388439],[-96.744541795976673,43.702863080974595],[-96.744492509335842,43.702775975482645],[-96.744435640294626,43.702691337429478],[-96.744371421894485,43.702609512139588],[-96.7443001170153,43.702530836744039],[-96.74422201891305,43.702455632287318],[-96.744137447413067,43.702384208394882],[-96.74390438262617,43.702227479366286],[-96.74385787215688,43.702200146045428],[-96.743813048188713,43.702171366625137],[-96.743769996267332,43.702141196892818],[-96.743728798968959,43.702109694333714],[-96.743689534657889,43.702076918984361],[-96.743652276578203,43.702042931834058],[-96.7436170970566,43.702007798947442],[-96.743584062842103,43.701971586630165],[-96.743553235759251,43.701934363373965],[-96.743524675604604,43.701896200089259],[-96.743498436498172,43.70185717056021],[-96.743474567505714,43.701817347768468],[-96.743453114690809,43.701776807270761],[-96.743434119650203,43.701735627521387],[-96.743417616527097,43.701693885597827],[-96.743403638384763,43.701651661541881],[-96.743316586103944,43.701351181774569],[-96.743262280390041,43.701241642134924],[-96.743200167998808,43.701134307056194],[-96.743130420243403,43.70102947006135],[-96.742373825324364,43.699941480043258]]]}},
{"type":"Feature","properties":{"OBJECTID":10442,"STREETNAME":"254TH ST"},"geometry":{"type":"MultiLineString","coordinates":[[[-96.751294808263623,43.703218930314137],[-96.744631149347939,43.703210525931269]]]}},
{"type":"Feature","properties":{"OBJECTID":10443,"STREETNAME":"473RD AVE"},"geometry":{"type":"MultiLineString","coordinates":[[[-96.751294808263623,43.703218930314137],[-96.751328378671374,43.695961237085974]]]}},
{"type":"Feature","properties":{"OBJECTID":10444,"STREETNAME":"254TH ST"},"geometry":{"type":"MultiLineString","coordinates":[[[-96.771328739418152,43.703225606404452],[-96.751294808263623,43.703218930314137]]]}},
{"type":"Feature","properties":{"OBJECTID":10445,"STREETNAME":"254TH ST"},"geometry":{"type":"MultiLineString","coordinates":[[[-96.778607188232741,43.703218945534083],[-96.771328739418152,43.703225606404452]]]}},
{"type":"Feature","properties":{"OBJECTID":10446,"STREETNAME":"472ND AVE"},"geometry":{"type":"MultiLineString","coordinates":[[[-96.771328739418152,43.703225606404452],[-96.771337973259165,43.696015879467296],[-96.771415753005357,43.688752897921503]]]}},
{"type":"Feature","properties":{"OBJECTID":10447,"STREETNAME":"472ND AVE"},"geometry":{"type":"MultiLineString","coordinates":[[[-96.771391801517936,43.717675345367041],[-96.771366236003828,43.710448287581755],[-96.771328739418152,43.703225606404452]]]}},
{"type":"Feature","properties":{"OBJECTID":10448,"STREETNAME":"253RD ST"},"geometry":{"type":"MultiLineString","coordinates":[[[-96.778551813265409,43.717678893400837],[-96.771391801517936,43.717675345367041]]]}},
{"type":"Feature","properties":{"OBJECTID":10449,"STREETNAME":"250TH ST"},"geometry":{"type":"MultiLineString","coordinates":[[[-96.77425732435799,43.761115361401423],[-96.771269684883222,43.761118135343047]]]}},
{"type":"Feature","properties":{"OBJECTID":10450,"STREETNAME":"250TH ST"},"geometry":{"type":"MultiLineString","coordinates":[[[-96.778607188232741,43.761104527736848],[-96.77425732435799,43.761115361401423]]]}},
{"type":"Feature","properties":{"OBJECTID":10451,"STREETNAME":"BIG SIOUX RD"},"geometry":{"type":"MultiLineString","coordinates":[[[-96.761714853935189,43.761140599723703],[-96.761697426144124,43.76084098811409],[-96.761684643475164,43.760747691136999],[-96.761680971384521,43.760695074279454],[-96.761679829333616,43.760642396167746],[-96.761681221222304,43.760589720985116],[-96.761685145112679,43.760537113502849],[-96.761719021743843,43.746627807379767]]]}},
{"type":"Feature","properties":{"OBJECTID":10452,"STREETNAME":"BIG SIOUX RD"},"geometry":{"type":"MultiLineString","coordinates":[[[-96.761332328662931,43.746628362476478],[-96.761369999124994,43.73216346711272]]]}},
{"type":"Feature","properties":{"OBJECTID":10453,"STREETNAME":"473RD AVE"},"geometry":{"type":"MultiLineString","coordinates":[[[-96.751354178138655,43.717695161092436],[-96.751294808263623,43.703218930314137]]]}},
{"type":"Feature","properties":{"OBJECTID":10454,"STREETNAME":"473RD AVE"},"geometry":{"type":"MultiLineString","coordinates":[[[-96.753687147199315,43.720919485578186],[-96.752691357929095,43.719763167690274],[-96.752553411083781,43.719612789970455],[-96.752181047831215,43.719139141624041],[-96.751649471163134,43.718424682447697],[-96.751566662034975,43.718316578442007],[-96.751485563911771,43.718194970196002],[-96.751428154779632,43.718083200082468],[-96.751392749809824,43.717972672365029],[-96.751354178138655,43.717695161092436]]]}},
{"type":"Feature","properties":{"OBJECTID":10455,"STREETNAME":"253RD ST"},"geometry":{"type":"MultiLineString","coordinates":[[[-96.771391801517936,43.717675345367041],[-96.761296392739297,43.717719804681423],[-96.751354178138655,43.717695161092436]]]}},
{"type":"Feature","properties":{"OBJECTID":10456,"STREETNAME":"NORWAY ST"},"geometry":{"type":"MultiLineString","coordinates":[[[-96.738872207405876,43.724959682469162],[-96.731273163126261,43.724952178664076]]]}},
{"type":"Feature","properties":{"OBJECTID":10457,"STREETNAME":"DITCH RD"},"geometry":{"type":"MultiLineString","coordinates":[[[-96.739626177109614,43.73220250299957],[-96.738872207405876,43.724959682469162]]]}},
{"type":"Feature","properties":{"OBJECTID":10458,"STREETNAME":"DITCH RD"},"geometry":{"type":"MultiLineString","coordinates":[[[-96.738872207405876,43.724959682469162],[-96.738641278414462,43.723080484850293],[-96.738338908991807,43.721408136701271]]]}},
{"type":"Feature","properties":{"OBJECTID":10462,"STREETNAME":"473RD AVE"},"geometry":{"type":"MultiLineString","coordinates":[[[-96.751443250510874,43.674234573638586],[-96.751426116521529,43.670171949301846]]]}},
{"type":"Feature","properties":{"OBJECTID":10466,"STREETNAME":"472ND AVE"},"geometry":{"type":"MultiLineString","coordinates":[[[-96.771460472080562,43.674281279856267],[-96.771409874496968,43.670171949301846]]]}},
{"type":"Feature","properties":{"OBJECTID":10737,"STREETNAME":"253RD ST"},"geometry":{"type":"MultiLineString","coordinates":[[[-96.711260201336245,43.717711122109982],[-96.691229777619967,43.717762611307698]]]}},
{"type":"Feature","properties":{"OBJECTID":10738,"STREETNAME":"476TH AVE"},"geometry":{"type":"MultiLineString","coordinates":[[[-96.691229777619967,43.717762611307698],[-96.691299212915979,43.703259272624948]]]}},
{"type":"Feature","properties":{"OBJECTID":10739,"STREETNAME":"477TH AVE"},"geometry":{"type":"MultiLineString","coordinates":[[[-96.671288860327806,43.703263683921691],[-96.671222675284397,43.688794279495845]]]}},
{"type":"Feature","properties":{"OBJECTID":10740,"STREETNAME":"254TH ST"},"geometry":{"type":"MultiLineString","coordinates":[[[-96.691299212915979,43.703259272624948],[-96.671288860327806,43.703263683921691]]]}},
{"type":"Feature","properties":{"OBJECTID":10765,"STREETNAME":"S 6TH ST"},"geometry":{"type":"MultiLineString","coordinates":[[[-96.727392125342021,43.760128138167502],[-96.726966119457927,43.75941706046612],[-96.726937951574286,43.759356199442266],[-96.726917138794803,43.759293802883136],[-96.726903837197142,43.75923033669627],[-96.726898145581487,43.759166275483658],[-96.72688717654043,43.758424147306108],[-96.726890886868375,43.758120263140398],[-96.726891470324674,43.758000897277171]]]}},
{"type":"Feature","properties":{"OBJECTID":10766,"STREETNAME":"S 6TH ST"},"geometry":{"type":"MultiLineString","coordinates":[[[-96.727469820657859,43.76119777571904],[-96.727477994406243,43.760400799883868],[-96.727471061310339,43.7603306042028],[-96.727454304689488,43.760261285525338],[-96.727427901420356,43.760193562024305],[-96.727392125342021,43.760128138167502]]]}},
{"type":"Feature","properties":{"OBJECTID":10767,"STREETNAME":"LOVELY AVE"},"geometry":{"type":"MultiLineString","coordinates":[[[-96.727469820657859,43.76119777571904],[-96.72728564959823,43.761197468381575],[-96.726310196949669,43.761190613400139]]]}},
{"type":"Feature","properties":{"OBJECTID":10768,"STREETNAME":"S 6TH ST"},"geometry":{"type":"MultiLineString","coordinates":[[[-96.726777820011918,43.764140718887226],[-96.72681213852411,43.763420832584181],[-96.726829232203968,43.762969626765489],[-96.726882236303169,43.762744935790202],[-96.726977703389053,43.762574795132096],[-96.727148472520611,43.762373935229576],[-96.727287251399403,43.76221847567404],[-96.727341768575116,43.762144467780551],[-96.727391358980697,43.762058512117711],[-96.727431106086897,43.761948656236662],[-96.727456120521367,43.761780257618625],[-96.727469820657859,43.76119777571904]]]}},
{"type":"Feature","properties":{"OBJECTID":10769,"STREETNAME":"476TH AVE"},"geometry":{"type":"MultiLineString","coordinates":[[[-96.691359107104617,43.674275518874254],[-96.691372426526669,43.670171949301846]]]}},
{"type":"Feature","properties":{"OBJECTID":10783,"STREETNAME":"5TH ST"},"geometry":{"type":"MultiLineString","coordinates":[[[-96.731261329501706,43.762687485711716],[-96.731302051297789,43.761195311178952]]]}},
{"type":"Feature","properties":{"OBJECTID":10784,"STREETNAME":"5TH ST"},"geometry":{"type":"MultiLineString","coordinates":[[[-96.731302051297789,43.761195311178952],[-96.731302842772678,43.761082666091049],[-96.731303159037168,43.761014203052262],[-96.731303445331889,43.760945545516677],[-96.731302815752542,43.760877063692419],[-96.731303140502447,43.760808407972959],[-96.731303463015792,43.760739779256127],[-96.731303780323245,43.760671288132954],[-96.731304102828631,43.760602659414609],[-96.731304426351883,43.760534003667985],[-96.731304742625611,43.760465539569928],[-96.731304121523237,43.760396865062098],[-96.731304444013801,43.760328236340641],[-96.731304724007899,43.760259744472265],[-96.731304101687186,43.760191069938102],[-96.73130442416695,43.760122441214349],[-96.731304740385951,43.760053977989244],[-96.731305063879546,43.759985322236432],[-96.731304436568678,43.75991681146774],[-96.731304759000452,43.759848183618402],[-96.731305082483175,43.759779527863294],[-96.731304452899039,43.759711044973315],[-96.731304776374913,43.759642389216673],[-96.731305100035769,43.759573760510754],[-96.73130443272278,43.759505249821686],[-96.731304756187825,43.759436594062677],[-96.731305080080006,43.759367965359289],[-96.731305396291887,43.759299501248201],[-96.731304828816349,43.759041511446995]]]}},
{"type":"Feature","properties":{"OBJECTID":10785,"STREETNAME":"LOVELY AVE"},"geometry":{"type":"MultiLineString","coordinates":[[[-96.734214194958469,43.761174641010875],[-96.734119479583939,43.761175095162685],[-96.734024680984092,43.761175712506208],[-96.733929964402137,43.761176166476766],[-96.733836155352407,43.761176665419569],[-96.733741401482703,43.761177118493904],[-96.733646641390749,43.761177736287287],[-96.73355188779972,43.76117818833162],[-96.733457133935204,43.761178641170027],[-96.733362373854291,43.761179258551913],[-96.733267612747113,43.761179903058142],[-96.733172858887485,43.761180355660564],[-96.733079043474973,43.761180990674191],[-96.732984276125947,43.761181800269334],[-96.732889516077876,43.761182416556629],[-96.732794748763695,43.761183225116845],[-96.732699945422254,43.76118400583551],[-96.732605176892108,43.761184814389793],[-96.732510410634447,43.761185594808879],[-96.7324165891647,43.761186421829059],[-96.732321821814168,43.761187231049597],[-96.732227054504165,43.761188039138382],[-96.73213228824946,43.761188819243465],[-96.732037520934242,43.761189627350383],[-96.73194271614588,43.761190407411192],[-96.731848888699801,43.761191398591457],[-96.731754121386402,43.761192206463008],[-96.731659355135164,43.761192986175395],[-96.731564581606719,43.761193958335994],[-96.731302051297789,43.761195311178952]]]}},
{"type":"Feature","properties":{"OBJECTID":10786,"STREETNAME":"LOVELY AVE"},"geometry":{"type":"MultiLineString","coordinates":[[[-96.731302051297789,43.761195311178952],[-96.727469820657859,43.76119777571904]]]}},
{"type":"Feature","properties":{"OBJECTID":10974,"STREETNAME":"478TH AVE"},"geometry":{"type":"MultiLineString","coordinates":[[[-96.651177165400171,43.703209408189885],[-96.651182995781568,43.68866838963794]]]}},
{"type":"Feature","properties":{"OBJECTID":10975,"STREETNAME":"254TH ST"},"geometry":{"type":"MultiLineString","coordinates":[[[-96.671288860327806,43.703263683921691],[-96.651177165400171,43.703209408189885]]]}},
{"type":"Feature","properties":{"OBJECTID":10976,"STREETNAME":"254TH ST"},"geometry":{"type":"MultiLineString","coordinates":[[[-96.651177165400171,43.703209408189885],[-96.646195770987021,43.703206650905067]]]}},
{"type":"Feature","properties":{"OBJECTID":10977,"STREETNAME":"478TH AVE"},"geometry":{"type":"MultiLineString","coordinates":[[[-96.651117505158339,43.717734218801326],[-96.651177165400171,43.703209408189885]]]}},
{"type":"Feature","properties":{"OBJECTID":10988,"STREETNAME":"476TH AVE"},"geometry":{"type":"MultiLineString","coordinates":[[[-96.691324935170158,43.688777780967634],[-96.691359107104617,43.674275518874254]]]}},
{"type":"Feature","properties":{"OBJECTID":10989,"STREETNAME":"255TH ST"},"geometry":{"type":"MultiLineString","coordinates":[[[-96.706914394418391,43.688698556951969],[-96.698822879076161,43.68873994330842]]]}},
{"type":"Feature","properties":{"OBJECTID":10990,"STREETNAME":"255TH ST"},"geometry":{"type":"MultiLineString","coordinates":[[[-96.691324935170158,43.688777780967634],[-96.671222675284397,43.688794279495845]]]}},
{"type":"Feature","properties":{"OBJECTID":10991,"STREETNAME":"476TH AVE"},"geometry":{"type":"MultiLineString","coordinates":[[[-96.691299212915979,43.703259272624948],[-96.691324935170158,43.688777780967634]]]}},
{"type":"Feature","properties":{"OBJECTID":10992,"STREETNAME":"256TH ST"},"geometry":{"type":"MultiLineString","coordinates":[[[-96.691359107104617,43.674275518874254],[-96.681417326406049,43.674310346168191],[-96.651394338990315,43.674269579711421]]]}},
{"type":"Feature","properties":{"OBJECTID":10993,"STREETNAME":"253RD ST"},"geometry":{"type":"MultiLineString","coordinates":[[[-96.691229777619967,43.717762611307698],[-96.671177138434501,43.717797180638293]]]}},
{"type":"Feature","properties":{"OBJECTID":10994,"STREETNAME":"253RD ST"},"geometry":{"type":"MultiLineString","coordinates":[[[-96.671177138434501,43.717797180638293],[-96.651117505158339,43.717734218801326]]]}},
{"type":"Feature","properties":{"OBJECTID":10995,"STREETNAME":"477TH AVE"},"geometry":{"type":"MultiLineString","coordinates":[[[-96.671096387703145,43.732328563096956],[-96.671177138434501,43.717797180638293]]]}},
{"type":"Feature","properties":{"OBJECTID":10996,"STREETNAME":"477TH AVE"},"geometry":{"type":"MultiLineString","coordinates":[[[-96.671177138434501,43.717797180638293],[-96.671217650730014,43.710502828793189],[-96.671282778046418,43.706874587736721],[-96.671288860327806,43.703263683921691]]]}},
{"type":"Feature","properties":{"OBJECTID":11008,"STREETNAME":"476TH AVE"},"geometry":{"type":"MultiLineString","coordinates":[[[-96.691126483210141,43.746750135351995],[-96.691145493798501,43.7322641692977]]]}},
{"type":"Feature","properties":{"OBJECTID":11009,"STREETNAME":"476TH AVE"},"geometry":{"type":"MultiLineString","coordinates":[[[-96.691145493798501,43.7322641692977],[-96.691229777619967,43.717762611307698]]]}},
{"type":"Feature","properties":{"OBJECTID":11010,"STREETNAME":"252ND ST"},"geometry":{"type":"MultiLineString","coordinates":[[[-96.691145493798501,43.7322641692977],[-96.671096387703145,43.732328563096956]]]}},
{"type":"Feature","properties":{"OBJECTID":11011,"STREETNAME":"475TH AVE"},"geometry":{"type":"MultiLineString","coordinates":[[[-96.711209608645902,43.746708763131863],[-96.711187195759777,43.732201622463393]]]}},
{"type":"Feature","properties":{"OBJECTID":11012,"STREETNAME":"475TH AVE"},"geometry":{"type":"MultiLineString","coordinates":[[[-96.711312120145379,43.761160386732193],[-96.711254661618582,43.755624226823727],[-96.711209608645902,43.746708763131863]]]}},
{"type":"Feature","properties":{"OBJECTID":11013,"STREETNAME":"251ST ST"},"geometry":{"type":"MultiLineString","coordinates":[[[-96.731266684204655,43.746705173074439],[-96.722426110051671,43.746724585221301],[-96.722308351220875,43.746725021400366],[-96.722190908308093,43.746731294318266],[-96.722074333252237,43.746743376517514],[-96.721959171626992,43.74676121038231],[-96.721845961002586,43.746784713023438],[-96.721735233205365,43.746813774215923],[-96.721627506302767,43.746848256941185],[-96.721523285439119,43.746888000916549],[-96.7210502112451,43.74706315340805],[-96.720980857792398,43.74708606423664],[-96.720909859908133,43.747106155588504],[-96.720837435379408,43.74712336436167],[-96.720763806678434,43.747137638086421],[-96.720689201977351,43.747148933715778],[-96.720613847205769,43.747157216237966],[-96.720537975498743,43.747162458689047],[-96.72046181996285,43.747164647629027],[-96.7203856142511,43.747163774371593],[-96.720309591825526,43.747159841643587],[-96.720233986696471,43.747152863248353],[-96.720159030743957,43.747142858040711],[-96.720084954836835,43.747129858731228],[-96.720011985952027,43.747113904803037],[-96.719940348291473,43.747095044993046],[-96.719870261816126,43.74707333761409],[-96.718886193645773,43.746800465250743],[-96.71879417691467,43.74677664286849],[-96.71870063417353,43.746756180575154],[-96.718605798206781,43.746739130086013],[-96.718509906993006,43.746725533912191],[-96.71841319882337,43.746715426316889],[-96.718315915018039,43.746708831964632],[-96.718218298440689,43.746705766769949],[-96.71812059221466,43.746706239803437],[-96.711209608645902,43.746708763131863]]]}},
{"type":"Feature","properties":{"OBJECTID":11014,"STREETNAME":"251ST ST"},"geometry":{"type":"MultiLineString","coordinates":[[[-96.711209608645902,43.746708763131863],[-96.701170801471406,43.746716842755795],[-96.691126483210141,43.746750135351995]]]}},
{"type":"Feature","properties":{"OBJECTID":11020,"STREETNAME":"DITCH RD"},"geometry":{"type":"MultiLineString","coordinates":[[[-96.730866901672883,43.697220191107768],[-96.730335890832293,43.695687759036815],[-96.72974266722025,43.693818066870421],[-96.72963220618017,43.693387757571749],[-96.729535504791471,43.692968698703389],[-96.729448252954427,43.692549827704916],[-96.7293714972933,43.692128420900609],[-96.729305136745438,43.69170722044926],[-96.729248224886433,43.691286207909151],[-96.729202754750062,43.690862678408834],[-96.729166733099689,43.690439337368765],[-96.729140263063584,43.690013441118829],[-96.729125027049349,43.689590512455162],[-96.729142899474979,43.688716844564681]]]}},
{"type":"Feature","properties":{"OBJECTID":11021,"STREETNAME":"MEADOWLAND ST"},"geometry":{"type":"MultiLineString","coordinates":[[[-96.751328378671374,43.695961237085974],[-96.748125068470486,43.695965679376044],[-96.745930465601717,43.695954098375275],[-96.743237693164019,43.695951526614536],[-96.741592453259372,43.695953841312253],[-96.741339379886497,43.695950999244097],[-96.741307752755674,43.695950929516762],[-96.741186321356466,43.695944650865123],[-96.74094233976875,43.695928439940914],[-96.740698359807723,43.695911428853961],[-96.740515097410238,43.695902473521571],[-96.740359430587233,43.695893540647958],[-96.740165128764502,43.695879771933321],[-96.739851586716682,43.695865907471592],[-96.739636294467019,43.695863336400237],[-96.739333773822878,43.695863098601393],[-96.739129508932905,43.695867743367558],[-96.738655833979138,43.695880186341093],[-96.738529952599905,43.695889699250358],[-96.738410694869032,43.695901621145637],[-96.738239521449259,43.695927119866035],[-96.738058366018819,43.695982249941913],[-96.737731384229406,43.696093341052588],[-96.737589943242526,43.696169329403965],[-96.737466146289705,43.696261356789357],[-96.737337918045171,43.696361389786773],[-96.737158807059231,43.696521461375845],[-96.737036077869263,43.696634316046776],[-96.736942095401602,43.696720758897115],[-96.736865821324699,43.696780778943953],[-96.73679729550453,43.696826385483604],[-96.736716615513458,43.696879191871744],[-96.7366315288957,43.696923984072903],[-96.736546447448205,43.69696717538524],[-96.736459156578292,43.697012762978048],[-96.736371866639004,43.697049543051115],[-96.736266913752161,43.697091916269891],[-96.736118892610648,43.697139060738778],[-96.736015064287358,43.697163808047712],[-96.735925609430495,43.697174951118186],[-96.735851257965635,43.697176669495072],[-96.734405356961517,43.697198300885283],[-96.731508585392774,43.697219396269986],[-96.730866901672883,43.697220191107768]]]}},
{"type":"Feature","properties":{"OBJECTID":11022,"STREETNAME":"254TH ST"},"geometry":{"type":"MultiLineString","coordinates":[[[-96.739711966102206,43.703201218591254],[-96.732834186182771,43.703223067155946]]]}},
{"type":"Feature","properties":{"OBJECTID":11023,"STREETNAME":"254TH ST"},"geometry":{"type":"MultiLineString","coordinates":[[[-96.732834186182771,43.703223067155946],[-96.711288637044618,43.703242183407511]]]}},
{"type":"Feature","properties":{"OBJECTID":11046,"STREETNAME":"N 5TH ST"},"geometry":{"type":"MultiLineString","coordinates":[[[-96.731176965677406,43.765322836034514],[-96.73114062170896,43.766570371197766]]]}},
{"type":"Feature","properties":{"OBJECTID":11052,"STREETNAME":"472ND AVE"},"geometry":{"type":"MultiLineString","coordinates":[[[-96.77425732435799,43.761115361401423],[-96.774570133354302,43.752857316800771],[-96.774592161483099,43.75235947607306],[-96.774592291482477,43.752234884136151],[-96.774589845175456,43.752110304185344],[-96.774584823696571,43.751985764871179],[-96.774577227231418,43.7518612942986],[-96.774567058667941,43.751736919571236],[-96.774554320560796,43.751612670244953],[-96.774539014613268,43.751488572697347],[-96.774521145840083,43.751364655478113],[-96.774488503005927,43.751121730077706],[-96.77444732319546,43.750638775240915],[-96.774444216682596,43.75040168056438],[-96.774444429343305,43.75031935580143],[-96.774446432,43.750239809333401],[-96.774451271700102,43.750160319011528],[-96.774457057325691,43.750080846940605],[-96.774464835975181,43.749998669567368],[-96.774474404559797,43.749919271365179],[-96.774485864495219,43.749839910006379],[-96.774500161737492,43.74976060304013],[-96.774515404592961,43.749681315370417],[-96.774532539019006,43.749602064546323],[-96.774552510451301,43.749522868984322],[-96.774669385871078,43.749178008115344],[-96.774720472689765,43.749053262686694],[-96.77477773539691,43.748929933893336],[-96.774841098679573,43.748808183248798],[-96.774910480571648,43.748688168799006],[-96.775062552476399,43.748434313693018],[-96.77550818438786,43.747740527200705],[-96.775584504142302,43.747622448902995],[-96.775700301134549,43.747441523497734],[-96.775763120531707,43.747341165182469],[-96.775823596458224,43.747240053570266],[-96.775881711878341,43.747138217137397],[-96.77593745215178,43.747035685109168],[-96.775990798745468,43.746932487161914],[-96.77604173974801,43.746828650817569],[-96.776090258511957,43.746724207193921],[-96.776136340869641,43.746619185876369]]]}},
{"type":"Feature","properties":{"OBJECTID":11053,"STREETNAME":"251ST ST"},"geometry":{"type":"MultiLineString","coordinates":[[[-96.776136340869641,43.746619185876369],[-96.761719021743843,43.746627807379767]]]}},
{"type":"Feature","properties":{"OBJECTID":11055,"STREETNAME":"252ND ST"},"geometry":{"type":"MultiLineString","coordinates":[[[-96.711187195759777,43.732201622463393],[-96.710951069004864,43.732179007677061],[-96.710367037150775,43.732096967652723],[-96.709781243963633,43.73202182939238],[-96.70919384108619,43.731953612770582],[-96.70860498777499,43.731892334831834],[-96.708236667775836,43.731862410635721],[-96.707867492656845,43.731838668729594],[-96.707497658235695,43.731821122343241],[-96.707127364570638,43.731809781456988],[-96.706733305421778,43.731801019237913],[-96.705744842217428,43.731793990019661],[-96.705449854784845,43.731801923831739],[-96.705154996504717,43.731812092329349],[-96.704860301295042,43.731824494438492],[-96.704565801137718,43.731839129046591],[-96.704311479326421,43.731854167915543],[-96.704057506697964,43.73187205115309],[-96.703803945834068,43.731892775452778],[-96.703550855995303,43.731916335685682],[-96.703298297188738,43.7319427262114],[-96.703046331875655,43.731971940561337],[-96.702795017219813,43.732003971458226],[-96.702544414231028,43.732038812405293],[-96.701741638169395,43.73215508285486],[-96.701627389110229,43.732169803081284],[-96.701512696701869,43.732182581053628],[-96.701397622699247,43.732193410987797],[-96.701282231351598,43.732202285218079],[-96.701166586021003,43.73220920027633],[-96.701050747420794,43.732214152290233],[-96.700934783027677,43.732217137875011],[-96.700818752250925,43.732218155591447],[-96.691145493798501,43.7322641692977]]]}},
{"type":"Feature","properties":{"OBJECTID":11056,"STREETNAME":"472ND AVE"},"geometry":{"type":"MultiLineString","coordinates":[[[-96.776136340869641,43.746619185876369],[-96.776164198332964,43.746541157271167],[-96.776189042685047,43.746462595613899],[-96.776210857849065,43.746383562417307],[-96.776229624123545,43.746304118947727],[-96.776257379914938,43.746166051382943],[-96.776279612293706,43.746027459511907],[-96.776296300819126,43.745888457981302],[-96.776307432164501,43.745749165615052],[-96.776318126695031,43.745432341501072],[-96.776320234802455,43.744754500903724],[-96.776322458933706,43.74394410964365],[-96.776323646522243,43.743739268111462],[-96.776319954058494,43.743534443464519],[-96.776311384492374,43.743329694773415],[-96.776297938988165,43.743125083532306],[-96.776221290695176,43.742418109268833],[-96.776169408588885,43.742067142437222],[-96.776113425505002,43.741716506369684],[-96.776072090343291,43.741499305293573],[-96.77602448999869,43.741282779967882],[-96.775970644796999,43.741067024394411],[-96.775910579872019,43.740852133545815],[-96.77566166158374,43.739992048512839],[-96.775454243271469,43.73926453334645],[-96.775226066356424,43.738490669818951],[-96.775194064737761,43.738384354147485],[-96.775159424147205,43.738278473056518],[-96.775122157534113,43.738173063152473],[-96.775082276819305,43.738068156103722],[-96.775039794728954,43.737963787985144],[-96.774994724799711,43.737859992603966],[-96.774947082065765,43.737756802566892],[-96.774896882254694,43.737654251372298],[-96.774784186594076,43.73745098226518],[-96.774667212348731,43.73724898736392],[-96.774545986591733,43.737048314955835],[-96.774420537192611,43.736849011411394],[-96.774187519339065,43.73649973953939],[-96.773605676046941,43.735687977511716],[-96.772977830414149,43.734815842268681],[-96.772791697681242,43.734557541831514],[-96.772610617870768,43.73429735965783],[-96.772434627517185,43.734035347769442],[-96.772326938464943,43.733877000069143],[-96.772227885593153,43.733715715255641],[-96.772137619998531,43.733551741309604],[-96.772056280029815,43.73338533017683],[-96.772013216473439,43.733282095909793],[-96.771974039775174,43.733178050291905],[-96.771938775828843,43.733073271814426],[-96.771907451325418,43.732967837051788],[-96.771880090750841,43.732861823237492],[-96.771856713410003,43.732755310138323],[-96.77183733769121,43.732648376097572],[-96.771821975218359,43.732541098974998],[-96.771808852159182,43.732461258216709],[-96.771798565613693,43.732381472779259],[-96.771779842833837,43.732133620561221]]]}},
{"type":"Feature","properties":{"OBJECTID":11057,"STREETNAME":"252ND ST"},"geometry":{"type":"MultiLineString","coordinates":[[[-96.771779842833837,43.732133620561221],[-96.761965507132373,43.732162381105084]]]}},
{"type":"Feature","properties":{"OBJECTID":11058,"STREETNAME":"472ND AVE"},"geometry":{"type":"MultiLineString","coordinates":[[[-96.771779842833837,43.732133620561221],[-96.771676681975947,43.73114472396464],[-96.771409951955732,43.728488624626912],[-96.771348961222799,43.727776956737593],[-96.771353207797375,43.725448931100544],[-96.771396051699227,43.721578633226088],[-96.771391801517936,43.717675345367041]]]}},
{"type":"Feature","properties":{"OBJECTID":11191,"STREETNAME":"DITCH RD"},"geometry":{"type":"MultiLineString","coordinates":[[[-96.738338908991807,43.721408136701271],[-96.737987131864259,43.71983217888824],[-96.737370143206007,43.71766649217416],[-96.735759480050575,43.712771729131227],[-96.734524721727212,43.708968327683046],[-96.734090818675512,43.707030468242642],[-96.732834186182771,43.703223067155946]]]}},
{"type":"Feature","properties":{"OBJECTID":11192,"STREETNAME":"DITCH RD"},"geometry":{"type":"MultiLineString","coordinates":[[[-96.732834186182771,43.703223067155946],[-96.732800081964413,43.703104629689584],[-96.732571793280528,43.702373369482139],[-96.73125673251441,43.698407174539312],[-96.731256740772722,43.698406923543111],[-96.730904429885229,43.697334432967168],[-96.730866901672883,43.697220191107768]]]}},
{"type":"Feature","properties":{"OBJECTID":11250,"STREETNAME":"250TH ST"},"geometry":{"type":"MultiLineString","coordinates":[[[-96.751290488080301,43.761146149556531],[-96.749459805873528,43.761152543580806],[-96.749220173583936,43.761154321304204],[-96.748980764133975,43.761162019003187],[-96.748741855696736,43.761175628988255],[-96.748503725839385,43.761195133900429],[-96.748266652726045,43.76122051340888],[-96.747921625162618,43.761268880590599],[-96.746817432372609,43.761433815260737]]]}},
{"type":"Feature","properties":{"OBJECTID":11251,"STREETNAME":"LOVELY AVE"},"geometry":{"type":"MultiLineString","coordinates":[[[-96.745098811208834,43.761447472596252],[-96.744926742065587,43.761426356062536],[-96.744755394961615,43.76140235712824],[-96.743847989123694,43.761276169985493],[-96.743664310923933,43.761249164546065],[-96.743435582680959,43.761216985901378],[-96.743205517320078,43.761190276000171],[-96.742974364825756,43.761169061727642],[-96.742742375999839,43.761153367528358],[-96.74258089306349,43.761147597243841],[-96.742419244926509,43.761145291377638],[-96.742257573449109,43.761146453083938],[-96.741293851137897,43.761173234337754]]]}},
{"type":"Feature","properties":{"OBJECTID":11252,"STREETNAME":"LOVELY AVE"},"geometry":{"type":"MultiLineString","coordinates":[[[-96.746166428163036,43.761501051171194],[-96.745945182195072,43.761501552236261],[-96.745711438291977,43.761498861376289],[-96.745557769009423,43.761489424689827],[-96.745404399060547,43.761477711152629],[-96.745251391552671,43.76146372499732],[-96.745098811208834,43.761447472596252]]]}},
{"type":"Feature","properties":{"OBJECTID":11253,"STREETNAME":"BIG SIOUX RD"},"geometry":{"type":"MultiLineString","coordinates":[[[-96.753687147199315,43.720919485578186],[-96.753158042408558,43.720810262478317],[-96.752791440782232,43.72072394144832],[-96.752425689917828,43.720635744378754],[-96.752261423552994,43.720595454616742],[-96.75218953046884,43.72057658751126],[-96.751607546997477,43.720425486169923],[-96.75157272250226,43.720417453769613],[-96.751423942556741,43.72038493510464],[-96.751274106039318,43.720355080396921],[-96.751123301621789,43.720327907546299],[-96.750971621644624,43.72030343347145],[-96.750833251342826,43.720283565584751],[-96.750704177736381,43.720267119296516],[-96.750574661616326,43.720252617749104],[-96.750444758378364,43.720240068705891],[-96.750314524994693,43.720229476624532],[-96.750227105162324,43.720223476464206],[-96.750160112468322,43.720219479612425],[-96.750058415955195,43.720211764978579],[-96.749117290761362,43.720144225101095]]]}},
{"type":"Feature","properties":{"OBJECTID":11254,"STREETNAME":"BIG SIOUX RD"},"geometry":{"type":"MultiLineString","coordinates":[[[-96.761965507132373,43.732162381105084],[-96.761923572913204,43.732152166073654],[-96.76188434732164,43.732137337623918],[-96.761848786480599,43.73211825733123],[-96.761817761214999,43.732095391711603],[-96.7617920289225,43.73206930007823],[-96.761772217651057,43.732040619827067],[-96.761758812898393,43.732010050194674],[-96.761752140866179,43.731978340162279],[-96.76174662146974,43.730580541257005],[-96.761746197930179,43.729182735639007],[-96.761738764569728,43.729088490457684],[-96.761722913633889,43.728994793438332],[-96.76169871401332,43.728902039351567],[-96.761666264012959,43.728810620029925],[-96.761625704355168,43.728720919880374],[-96.761577202362304,43.728633317857906],[-96.761520965254263,43.728548181579107],[-96.7614861727658,43.728494381944572],[-96.761454086175831,43.728439705503497],[-96.761424744961232,43.728384223637214],[-96.76139818977596,43.728328008628253],[-96.761375363759299,43.728268752486599],[-96.76135630446673,43.728208801040601],[-96.761341052057574,43.728148278726756],[-96.76132964028038,43.72808731301695],[-96.761322090252349,43.728026032364696],[-96.761318418720961,43.727964565488712],[-96.761318635421489,43.727903040794324],[-96.761322736699455,43.72784158853171],[-96.761339802616476,43.726820376918951],[-96.761364448855971,43.725799246943609],[-96.761366972056322,43.72574918762605],[-96.761364747896508,43.725699120641863],[-96.761357788648198,43.725649282461674],[-96.761346125237438,43.725599909394035],[-96.761329814916792,43.72555123316944],[-96.761308932441537,43.725503483753229],[-96.761283578376236,43.725456887400611],[-96.761253871428536,43.725411664399182],[-96.761188408888955,43.725354331216074],[-96.761115739448428,43.72530176209596],[-96.761036519438576,43.725254431459319],[-96.760680198487421,43.7250696206942],[-96.759488925522604,43.724487417742417],[-96.759347116533505,43.724416200000753],[-96.759207054593872,43.724343187627717],[-96.759068781006846,43.724268403218723],[-96.758932338507236,43.72419186992429],[-96.758726393677847,43.724074387786217],[-96.75852228477693,43.723955234115188],[-96.758320034989353,43.723834423778086],[-96.758119671083477,43.723711972941601],[-96.757921217021149,43.723587895082893],[-96.75772470119125,43.723462208332649],[-96.757530144846285,43.723334927344474],[-96.757337574006058,43.723206068797573],[-96.757222746862354,43.723124106458279],[-96.757110962398087,43.723039960866437],[-96.75700229777388,43.722953692910757],[-96.756896830443196,43.722865362080732],[-96.75679463601989,43.722775031693651],[-96.756695784295118,43.72268276530378],[-96.75660034598728,43.722588627537412],[-96.756508388137391,43.722492684177908],[-96.756330015009752,43.722315565896793],[-96.75615757753819,43.722135383146544],[-96.755991172032893,43.721952240943878],[-96.755921931956394,43.721862057373414],[-96.755856097361089,43.72177054241677],[-96.755793719264943,43.721677762769858],[-96.75573484108466,43.721583787613547],[-96.755701642787926,43.721542192407554],[-96.755661644275136,43.721503873223725],[-96.755615453226483,43.721469411932027],[-96.755563770594449,43.721439330937798],[-96.755507378478299,43.72141408714797],[-96.755447136567057,43.72139406347133],[-96.755383955913487,43.721379564264105],[-96.755318796744589,43.721370809139906],[-96.754956259579572,43.721314647143011],[-96.754806888032135,43.721294768809933],[-96.754658800835301,43.721270353202371],[-96.75451226109648,43.721241443609777],[-96.754367526073679,43.721208090760207],[-96.754222257397558,43.721162609229083],[-96.754081070178472,43.721110805465486],[-96.753944489847868,43.721052870368368],[-96.75381301942069,43.720989017757397],[-96.753687147199315,43.720919485578186]]]}},
{"type":"Feature","properties":{"OBJECTID":11258,"STREETNAME":"SCANDIA DR"},"geometry":{"type":"MultiLineString","coordinates":[[[-96.741297170360212,43.705264626417936],[-96.741258808744064,43.705311144379351],[-96.741091858806783,43.705513585023915],[-96.741059259260865,43.705562023791693],[-96.741033376203603,43.705612551064185],[-96.741014462816111,43.705664679192104],[-96.741002699094054,43.705717903095085],[-96.7409978214109,43.705780534997977],[-96.740995563898295,43.705824600201431],[-96.740984066254967,43.705867899234136],[-96.740963596528417,43.705909419053889],[-96.740934634067727,43.705948186975874],[-96.740897857224809,43.70598329519467],[-96.74085412708088,43.706013921539608],[-96.740804467065843,43.706039349973189],[-96.740750040670093,43.706058983851136],[-96.740283082057275,43.706121853543507],[-96.740169287667456,43.706137174247402],[-96.740121791666795,43.705983078980118],[-96.740095055993663,43.70590665309318],[-96.740062348965751,43.705831458492554],[-96.740023779246926,43.705757741632901],[-96.739979471991973,43.705685741741952],[-96.739879712726648,43.705531497689762],[-96.739820799192344,43.705436911218001],[-96.739768753354653,43.70534022771929],[-96.739723715892367,43.705241710103508],[-96.739685809407135,43.705141625488459],[-96.739710086909739,43.703340577712538],[-96.739711966102206,43.703201218591254]]]}},
{"type":"Feature","properties":{"OBJECTID":11259,"STREETNAME":"254TH ST"},"geometry":{"type":"MultiLineString","coordinates":[[[-96.744631149347939,43.703210525931269],[-96.739711966102206,43.703201218591254]]]}},
{"type":"Feature","properties":{"OBJECTID":11260,"STREETNAME":"256TH ST"},"geometry":{"type":"MultiLineString","coordinates":[[[-96.706518719183734,43.674650013411394],[-96.705078706754549,43.674533977528178],[-96.70416899836566,43.674460663813932],[-96.701681549225029,43.674254432589223],[-96.701496642573545,43.674241328283287],[-96.701311224046961,43.674232860030202],[-96.701125512871812,43.674229039615298],[-96.700939730523615,43.674229870615648],[-96.691359107104617,43.674275518874254]]]}},
{"type":"Feature","properties":{"OBJECTID":11300,"STREETNAME":"MEADOW ST"},"geometry":{"type":"MultiLineString","coordinates":[[[-96.729139429210591,43.760085322171221],[-96.72913149690028,43.760003333739753],[-96.729116658029483,43.759849976125572],[-96.729104848317661,43.759794485574915],[-96.729087057791205,43.759739839487771],[-96.729063395323905,43.759686375839628],[-96.729034008319218,43.759634426170017],[-96.728999077541886,43.759584311264767],[-96.728958820749867,43.759536341228213],[-96.728913485496108,43.759490813584016],[-96.728863353894837,43.759448008979099],[-96.728528567571828,43.759248155653651],[-96.728406808895969,43.759175244722748],[-96.728356853128744,43.759145627073217],[-96.728309436150582,43.759113892904153],[-96.72826472864287,43.759080155209091],[-96.728222892183368,43.75904453698741],[-96.728184076344093,43.759007164688057],[-96.728148419709441,43.75896817332324],[-96.728116052665925,43.758927703186679],[-96.728087090380356,43.758885899713995],[-96.728054796820444,43.758831482799643],[-96.728027986619111,43.758775522732563],[-96.728006799994759,43.758718309468399],[-96.727991346584432,43.758660140608647],[-96.727983547439081,43.758603750885349],[-96.727981120541855,43.758547106199899],[-96.727980335777644,43.758497261211197],[-96.727990397213446,43.758004732483116]]]}},
{"type":"Feature","properties":{"OBJECTID":11301,"STREETNAME":"VALLEY VIEW AVE"},"geometry":{"type":"MultiLineString","coordinates":[[[-96.727990397213446,43.758004732483116],[-96.726891470324674,43.758000897277171]]]}},
{"type":"Feature","properties":{"OBJECTID":11337,"STREETNAME":"250TH ST"},"geometry":{"type":"MultiLineString","coordinates":[[[-96.746817432372609,43.761433815260737],[-96.746601820874915,43.761462950439913],[-96.746384686046753,43.761485376290182],[-96.746166428163036,43.761501051171194]]]}},
{"type":"Feature","properties":{"OBJECTID":11348,"STREETNAME":"251ST ST"},"geometry":{"type":"MultiLineString","coordinates":[[[-96.778607188232741,43.746629320747381],[-96.776136340869641,43.746619185876369]]]}},
{"type":"Feature","properties":{"OBJECTID":11349,"STREETNAME":"252ND ST"},"geometry":{"type":"MultiLineString","coordinates":[[[-96.751269189626967,43.732214521634944],[-96.744383787137153,43.7321861204179],[-96.739626177109614,43.73220250299957]]]}},
{"type":"Feature","properties":{"OBJECTID":11351,"STREETNAME":"255TH ST"},"geometry":{"type":"MultiLineString","coordinates":[[[-96.708287062695092,43.688696697360875],[-96.706914394418391,43.688698556951969]]]}},
{"type":"Feature","properties":{"OBJECTID":11375,"STREETNAME":"251ST ST"},"geometry":{"type":"MultiLineString","coordinates":[[[-96.761719021743843,43.746627807379767],[-96.761332328662931,43.746628362476478]]]}},
{"type":"Feature","properties":{"OBJECTID":11438,"STREETNAME":"PRAIRIE AVE"},"geometry":{"type":"MultiLineString","coordinates":[[[-96.729139429210591,43.760085322171221],[-96.727796361314105,43.760059832528356],[-96.727795342332101,43.760059813138682],[-96.727778554282523,43.760059494498591],[-96.727704878920079,43.760059626263427],[-96.72763163773115,43.76006542364069],[-96.727559660175316,43.760076822865877],[-96.727489758618603,43.760093693271003],[-96.727440009495893,43.760109527666565],[-96.727392125342021,43.760128138167502]]]}},
{"type":"Feature","properties":{"OBJECTID":11439,"STREETNAME":"PRAIRIE AVE"},"geometry":{"type":"MultiLineString","coordinates":[[[-96.730498664016139,43.760054271379595],[-96.730293947562089,43.760068013202677],[-96.730128994551492,43.760079085629329],[-96.730092743069903,43.760081422062036],[-96.730086946939764,43.760081777768988],[-96.730086841058693,43.760081783744333],[-96.72993005348745,43.760089498760152],[-96.72977300673908,43.760093584184133],[-96.729772766944549,43.760093587673545],[-96.729761173369482,43.760093744373577],[-96.729731214616493,43.760094057381131],[-96.729730717672567,43.760094061907239],[-96.729724927016036,43.760094106303995],[-96.729723493019108,43.760094116445252],[-96.729706874314445,43.760094214723154],[-96.729664952355037,43.760094276613209],[-96.729556996680913,43.760093243884043],[-96.729139429210591,43.760085322171221]]]}},
{"type":"Feature","properties":{"OBJECTID":11475,"STREETNAME":"WASHINGTON ST"},"geometry":{"type":"MultiLineString","coordinates":[[[-96.702414451426591,43.682413898688893],[-96.701978097612297,43.682413732647262],[-96.701461416778031,43.68241403527086],[-96.698891415234257,43.682418148018485]]]}},
{"type":"Feature","properties":{"OBJECTID":11476,"STREETNAME":"WASHINGTON ST"},"geometry":{"type":"MultiLineString","coordinates":[[[-96.70652339121402,43.682298256707654],[-96.706242790103758,43.682305254721115],[-96.704683485821775,43.682344131652016],[-96.704346330734936,43.682369999433014]]]}},
{"type":"Feature","properties":{"OBJECTID":11477,"STREETNAME":"ROCK RIDGE AVE"},"geometry":{"type":"MultiLineString","coordinates":[[[-96.704346330734936,43.682369999433014],[-96.704347578073921,43.681882195669374],[-96.704356291696499,43.678472407656429],[-96.704357637206598,43.67794540448859]]]}},
{"type":"Feature","properties":{"OBJECTID":11478,"STREETNAME":"LINCOLN ST"},"geometry":{"type":"MultiLineString","coordinates":[[[-96.704357637206598,43.67794540448859],[-96.70289117056943,43.677936257489968],[-96.702429071598488,43.6779333706533]]]}},
{"type":"Feature","properties":{"OBJECTID":11479,"STREETNAME":"STONEWAY AVE"},"geometry":{"type":"MultiLineString","coordinates":[[[-96.702414451426591,43.682413898688893],[-96.70242813395609,43.678220939060218],[-96.702429071598488,43.6779333706533]]]}},
{"type":"Feature","properties":{"OBJECTID":11480,"STREETNAME":"LINCOLN ST"},"geometry":{"type":"MultiLineString","coordinates":[[[-96.702429071598488,43.6779333706533],[-96.701498015248376,43.677927549987281]]]}},
{"type":"Feature","properties":{"OBJECTID":11799,"STREETNAME":"HELEN TRL"},"geometry":{"type":"MultiLineString","coordinates":[[[-96.698822879076161,43.68873994330842],[-96.698818055036369,43.687846127350291],[-96.698813050941041,43.686918965321198],[-96.69881213268819,43.686748829947874],[-96.698809586634795,43.686277209099572]]]}},
{"type":"Feature","properties":{"OBJECTID":11800,"STREETNAME":"255TH ST"},"geometry":{"type":"MultiLineString","coordinates":[[[-96.698822879076161,43.68873994330842],[-96.691324935170158,43.688777780967634]]]}},
{"type":"Feature","properties":{"OBJECTID":11813,"STREETNAME":"475TH AVE"},"geometry":{"type":"MultiLineString","coordinates":[[[-96.711288637044618,43.703242183407511],[-96.711296217793318,43.701731974661129],[-96.711294703540091,43.701568493850758],[-96.711287175578136,43.701405099813201],[-96.711273638189653,43.701241910309463],[-96.711254102039788,43.70107904076864],[-96.711228002055677,43.700876390526709],[-96.711196833537969,43.700674117690312],[-96.711160608304851,43.700472288355733],[-96.711119336669185,43.700270969993653],[-96.711073033384437,43.700070227879756],[-96.711021714554605,43.69987012995071],[-96.710965393769058,43.699670740228221],[-96.710904093695078,43.699472125900982],[-96.71061562911342,43.698575634343101],[-96.710331676445634,43.69767838510986],[-96.710056965599833,43.696831513158266],[-96.70979795526101,43.695996721953385],[-96.709211828367032,43.694183953367954],[-96.709102385174674,43.693837138461511],[-96.708984459246707,43.693491791139365],[-96.708858086245328,43.693148020985483],[-96.708723308218794,43.692805935075747],[-96.708496013186505,43.692281598683138],[-96.708259988057009,43.691756802328264],[-96.708028500264149,43.691230943775942],[-96.70767174821934,43.690429729140149],[-96.707295084277291,43.689587990776019],[-96.707162676904872,43.689292764803895],[-96.707035772353024,43.688996269133682],[-96.706914394418391,43.688698556951969]]]}},
{"type":"Feature","properties":{"OBJECTID":11854,"STREETNAME":"JANS CIR"},"geometry":{"type":"MultiLineString","coordinates":[[[-96.733903627641581,43.76334177846033],[-96.733726133453857,43.763701118392383]]]}},
{"type":"Feature","properties":{"OBJECTID":11855,"STREETNAME":"RICHARDS CIR"},"geometry":{"type":"MultiLineString","coordinates":[[[-96.732692255626461,43.763030521166556],[-96.732383918149779,43.763607380393033]]]}},
{"type":"Feature","properties":{"OBJECTID":11856,"STREETNAME":"BONNIES CIR"},"geometry":{"type":"MultiLineString","coordinates":[[[-96.732419970533755,43.762959477025333],[-96.732419934480021,43.762872064264222],[-96.732419754385788,43.762437411384546],[-96.732419600105885,43.762063544979377]]]}},
{"type":"Feature","properties":{"OBJECTID":11901,"STREETNAME":"VISTA RIDGE PL"},"geometry":{"type":"MultiLineString","coordinates":[[[-96.777464038519241,43.67619463872402],[-96.77746412647393,43.676093492825068],[-96.777142118483283,43.676093344667059],[-96.776986161471456,43.676093272635853],[-96.776951247230073,43.676090723297548],[-96.776916820456748,43.676085786510789],[-96.776883193560693,43.67607850822445],[-96.776850665695676,43.676068952571811],[-96.776819528394711,43.676057206546638],[-96.776790063639993,43.676043373291385],[-96.77676253464989,43.67602757911903],[-96.776737189085253,43.676009965320425],[-96.77671425197839,43.67599068960736],[-96.776693931575593,43.675969925172396],[-96.776676410716078,43.675947858237713],[-96.776661844714027,43.675924686433092],[-96.776650364757074,43.675900618510852],[-96.776642074441369,43.675875869887165],[-96.776637048530077,43.675850663496334],[-96.776635331220177,43.675825224312057],[-96.776668203930583,43.674271305634896]]]}},
{"type":"Feature","properties":{"OBJECTID":11925,"STREETNAME":"2ND ST"},"geometry":{"type":"MultiLineString","coordinates":[[[-96.738599348443785,43.762145885816444],[-96.739260522607367,43.761774174875789]]]}},
{"type":"Feature","properties":{"OBJECTID":11926,"STREETNAME":"ASH AVE"},"geometry":{"type":"MultiLineString","coordinates":[[[-96.738304293670396,43.762349330964064],[-96.738255366268049,43.762339268605189],[-96.736921762226643,43.762064987054806]]]}},
{"type":"Feature","properties":{"OBJECTID":11927,"STREETNAME":"2ND ST"},"geometry":{"type":"MultiLineString","coordinates":[[[-96.738304293670396,43.762349330964064],[-96.738328839638584,43.762297962665997],[-96.738599348443785,43.762145885816444]]]}},
{"type":"Feature","properties":{"OBJECTID":11977,"STREETNAME":"252ND ST"},"geometry":{"type":"MultiLineString","coordinates":[[[-96.761965507132373,43.732162381105084],[-96.761369999124994,43.73216346711272]]]}},
{"type":"Feature","properties":{"OBJECTID":12134,"STREETNAME":"BIG SIOUX RD"},"geometry":{"type":"MultiLineString","coordinates":[[[-96.749117290761362,43.720144225101095],[-96.749001566994892,43.720136400536553],[-96.748564787595129,43.720107814561551],[-96.748544772776313,43.720106540539156],[-96.748369078969091,43.720101185291654],[-96.748193248651845,43.720099280087254],[-96.748017412991302,43.720100826456999],[-96.747841698890397,43.720105823389822],[-96.747666235502351,43.720114267987725],[-96.747491151942484,43.720126151908133],[-96.74731657531143,43.720141468877024],[-96.747142633895294,43.720160206848661],[-96.746907937126338,43.720191065378721],[-96.746674960467473,43.720228149927031],[-96.74647169893116,43.720265879865117],[-96.746270223385508,43.720308348908077],[-96.746070742679137,43.720355514466327],[-96.745873465965573,43.720407325878526],[-96.745711874681433,43.720474137173341],[-96.745430012287628,43.720590674049831],[-96.745287578029448,43.72063597222818],[-96.745142037434121,43.720675741018063],[-96.744993798739898,43.720709866750042],[-96.744843278620152,43.720738256296826],[-96.744791101712721,43.720746672904959],[-96.744695799630037,43.720760196785903],[-96.744325824950067,43.720812522656004],[-96.744217331168713,43.720827866434277],[-96.744064621234358,43.720848790742302],[-96.743399212304041,43.720939960835011],[-96.741908734069753,43.721144162709514],[-96.741682177712931,43.721175200178827],[-96.741637350630143,43.721181341420682],[-96.741385397754314,43.721209743338342],[-96.741132855703,43.721235245594663],[-96.740879788499257,43.721257840318877],[-96.740626258111661,43.721277522761412],[-96.740564107940784,43.721283661192174],[-96.740344037077605,43.721295973436646],[-96.738338908991807,43.721408136701271]]]}},
{"type":"Feature","properties":{"OBJECTID":12259,"STREETNAME":"LOVELY AVE"},"geometry":{"type":"MultiLineString","coordinates":[[[-96.741293851137897,43.761173234337754],[-96.741235803879462,43.761174847064751],[-96.740670139390815,43.761180237462206],[-96.74054437767532,43.761179884983328]]]}},
{"type":"Feature","properties":{"OBJECTID":12456,"STREETNAME":"250TH ST"},"geometry":{"type":"MultiLineString","coordinates":[[[-96.726310196949669,43.761190613400139],[-96.724417694629352,43.761186908217006]]]}},
{"type":"Feature","properties":{"OBJECTID":12616,"STREETNAME":"7TH ST"},"geometry":{"type":"MultiLineString","coordinates":[[[-96.725095407047689,43.758842743045967],[-96.725088352451024,43.758018941101696]]]}},
{"type":"Feature","properties":{"OBJECTID":12617,"STREETNAME":"RONALD CT"},"geometry":{"type":"MultiLineString","coordinates":[[[-96.725088352451024,43.758018941101696],[-96.725640156421022,43.758018984553459]]]}},
{"type":"Feature","properties":{"OBJECTID":12618,"STREETNAME":"NICHOLE CV"},"geometry":{"type":"MultiLineString","coordinates":[[[-96.725095407047689,43.758842743045967],[-96.725654889308899,43.758842787245214]]]}},
{"type":"Feature","properties":{"OBJECTID":12619,"STREETNAME":"KAROL CIR"},"geometry":{"type":"MultiLineString","coordinates":[[[-96.725102429953608,43.759662950066662],[-96.725667207917837,43.759663000619355]]]}},
{"type":"Feature","properties":{"OBJECTID":12620,"STREETNAME":"7TH ST"},"geometry":{"type":"MultiLineString","coordinates":[[[-96.725115490101558,43.76118827755171],[-96.725102429953608,43.759662950066662]]]}},
{"type":"Feature","properties":{"OBJECTID":12621,"STREETNAME":"7TH ST"},"geometry":{"type":"MultiLineString","coordinates":[[[-96.725102429953608,43.759662950066662],[-96.725095407047689,43.758842743045967]]]}},
{"type":"Feature","properties":{"OBJECTID":12622,"STREETNAME":"7TH ST"},"geometry":{"type":"MultiLineString","coordinates":[[[-96.725088352451024,43.758018941101696],[-96.725084602963037,43.757581076562538]]]}},
{"type":"Feature","properties":{"OBJECTID":12647,"STREETNAME":"KATHRYN DR"},"geometry":{"type":"MultiLineString","coordinates":[[[-96.730447352764159,43.757177638306587],[-96.730445657939512,43.7556174715981],[-96.730445559107537,43.75552686217172]]]}},
{"type":"Feature","properties":{"OBJECTID":12648,"STREETNAME":"ELLA AVE"},"geometry":{"type":"MultiLineString","coordinates":[[[-96.730445559107537,43.75552686217172],[-96.729490568309004,43.755524803124203],[-96.729366001761989,43.755524533936196]]]}},
{"type":"Feature","properties":{"OBJECTID":12649,"STREETNAME":"ELIZABETH AVE"},"geometry":{"type":"MultiLineString","coordinates":[[[-96.729366565678376,43.757175542369261],[-96.727915101806985,43.757172711604596]]]}},
{"type":"Feature","properties":{"OBJECTID":12650,"STREETNAME":"IVER AVE"},"geometry":{"type":"MultiLineString","coordinates":[[[-96.72936600362479,43.75618555170864],[-96.729241331752348,43.756185365822752],[-96.72921580036072,43.756185363445674],[-96.729160670245449,43.756182902501024],[-96.729106223703695,43.756173904726353],[-96.729053233035003,43.756158497751017],[-96.729002449888,43.756136900115983],[-96.728954594598648,43.756109418173928],[-96.728186265505755,43.755575940185977],[-96.728140514480629,43.755549401977305],[-96.728092023464143,43.755528281983416],[-96.728041431471539,43.755512858523865],[-96.72798940520471,43.755503334849173],[-96.727936630266427,43.755499836462455],[-96.727081345257929,43.755479863989869],[-96.726952252317489,43.755480155821424]]]}},
{"type":"Feature","properties":{"OBJECTID":12651,"STREETNAME":"KATHRYN DR"},"geometry":{"type":"MultiLineString","coordinates":[[[-96.73130007672772,43.757991788132578],[-96.731140282821315,43.75799160460015],[-96.730900929403276,43.757991329086046],[-96.730843668676584,43.757988649274424],[-96.73078718734385,43.757978859930034],[-96.730732364653093,43.757962113444137],[-96.730680054032192,43.757938670510214],[-96.730631069803451,43.7579088960657],[-96.730555881682491,43.75785321884522],[-96.730525949967173,43.757829749457095],[-96.730500060210787,43.757801884779184],[-96.730478850494919,43.757770311567214],[-96.730462843556424,43.757735807977824],[-96.730452433903963,43.757699224390024],[-96.730447878094878,43.757661462446684],[-96.730447352764159,43.757177638306587]]]}},
{"type":"Feature","properties":{"OBJECTID":12652,"STREETNAME":"5TH ST"},"geometry":{"type":"MultiLineString","coordinates":[[[-96.731304828816349,43.759041511446995],[-96.73130007672772,43.757991788132578]]]}},
{"type":"Feature","properties":{"OBJECTID":12653,"STREETNAME":"ELIZABETH AVE"},"geometry":{"type":"MultiLineString","coordinates":[[[-96.730447352764159,43.757177638306587],[-96.730324274764129,43.757177399906915],[-96.729366565678376,43.757175542369261]]]}},
{"type":"Feature","properties":{"OBJECTID":12654,"STREETNAME":"ELIZABETH AVE"},"geometry":{"type":"MultiLineString","coordinates":[[[-96.727915101806985,43.757172711604596],[-96.727334515993746,43.757171573702514],[-96.727120073283302,43.75717115267679]]]}},
{"type":"Feature","properties":{"OBJECTID":12655,"STREETNAME":"PEYTON ST"},"geometry":{"type":"MultiLineString","coordinates":[[[-96.726952251821857,43.755480130520091],[-96.726950630262735,43.754657321363077],[-96.727030247848347,43.754554021044349]]]}},
{"type":"Feature","properties":{"OBJECTID":12656,"STREETNAME":"IVER AVE"},"geometry":{"type":"MultiLineString","coordinates":[[[-96.726952252317489,43.755480155821424],[-96.726825920698829,43.755480442210747],[-96.726300936719298,43.755481194947144]]]}},
{"type":"Feature","properties":{"OBJECTID":12657,"STREETNAME":"LANEY LN"},"geometry":{"type":"MultiLineString","coordinates":[[[-96.729366565678376,43.757175542369261],[-96.729366514490593,43.757085294842696],[-96.729366385421699,43.756857987971529],[-96.72936627338737,43.756660473337135],[-96.729366161326894,43.756462958696439],[-96.729366048998116,43.756265444044608],[-96.72936600362479,43.75618555170864]]]}},
{"type":"Feature","properties":{"OBJECTID":12658,"STREETNAME":"LANEY LN"},"geometry":{"type":"MultiLineString","coordinates":[[[-96.729366001761989,43.755524533936196],[-96.729366048482447,43.755433988700332],[-96.729367550850313,43.755091219781477],[-96.729369335143616,43.754702251969],[-96.729369264132828,43.754700221973103],[-96.729369269964039,43.754699017408406],[-96.729375515855921,43.75467301333407],[-96.729385929752056,43.754648380554791],[-96.729400231326309,43.754625782147286],[-96.72941803560218,43.754605826426094],[-96.729438863315821,43.754589050568683],[-96.729462153817067,43.754575906155445],[-96.72948728016128,43.754566747013875],[-96.729513565985727,43.754561819694032],[-96.729540303716249,43.754561256831835],[-96.729553068861691,43.754560840664418],[-96.730009217515686,43.754562902664688],[-96.730203500974895,43.754563780068878]]]}},
{"type":"Feature","properties":{"OBJECTID":12659,"STREETNAME":"LANEY LN"},"geometry":{"type":"MultiLineString","coordinates":[[[-96.72936600362479,43.75618555170864],[-96.729365936885387,43.756067929391321],[-96.729365824863734,43.755870379607046],[-96.729365955263816,43.755615297313945],[-96.729366001761989,43.755524533936196]]]}},
{"type":"Feature","properties":{"OBJECTID":12660,"STREETNAME":"ELLA AVE"},"geometry":{"type":"MultiLineString","coordinates":[[[-96.731288915773661,43.755527298530787],[-96.731136657555496,43.755526972052486],[-96.730770396590003,43.755527560027311],[-96.730445559107537,43.75552686217172]]]}},
{"type":"Feature","properties":{"OBJECTID":12661,"STREETNAME":"5TH ST"},"geometry":{"type":"MultiLineString","coordinates":[[[-96.731288915773661,43.755527298530787],[-96.731281858728309,43.753969264092888]]]}},
{"type":"Feature","properties":{"OBJECTID":12665,"STREETNAME":"PEYTON ST"},"geometry":{"type":"MultiLineString","coordinates":[[[-96.727915101806985,43.757172711604596],[-96.727925523562945,43.757131349569256],[-96.727929547115693,43.757088884972376],[-96.727927079247422,43.757046301635363],[-96.727918177133802,43.757004586130599],[-96.727903047019339,43.756964704924485],[-96.727882039439095,43.756927581986332],[-96.727855641097491,43.756894077381787],[-96.727846587745574,43.756883720672761],[-96.727694671862025,43.756709921759374],[-96.727545491881713,43.756539251027611],[-96.727390742901321,43.756362207221009],[-96.727132484640734,43.756066737055789],[-96.727011598884445,43.755928446234194],[-96.726991563725207,43.755903209502286],[-96.726975376941468,43.755875347551985],[-96.726963376857114,43.755845442732664],[-96.726955814288829,43.755814120092232],[-96.726952847303693,43.755782034312794],[-96.726952430314796,43.75557047420903],[-96.726952251821857,43.755480130520091]]]}}
]
}
